-- 美国系列
-- series
INSERT INTO `series`(`id`, `tag`, `name`, `icon`, `update_time`, `create_time`)
VALUES (50, '18', '美国系列', 'https://static.zk01.cc/image/cztp/twxl2X.png', '2021-05-07 15:00:00', '2021-05-07 15:00:00');

-- 美国系列—超级百万
-- lottery
INSERT INTO `lottery`(`id`, `series_id`, `series_tag`, `name`, `show_status`, `status`, `documentary_status`, `sort`, `icon`, `gray_icon`, `interval`, `issue_format`, `update_time`, `create_time`, `kcw_code`, `cpk_code`, `by_code`, `type`, `lottery_tag`, `explain`, `lottery_type`, `lottery_method`, `kill_number_paramer1`, `kill_number_paramer2`, `kill_number_paramer3`, `kill_number_paramer4`, `kill_number_paramer5`, `game_id`)
VALUES (128, 50, '18', '超级百万', 1, 1, 1, 1, 'https://static.zk01.cc/image/cztp/dlt2x.png', 'https://static.zk01.cc/image/cztp/zhdlt2x.png', 172800, 4, '2021-05-07 15:00:00', '2020-12-16 17:00:00', '', '', '', 3, '35', '<p>彩种说明</p>', 10, 100, 1, 1, 0.000, 0.000, 5, '0');

-- lottery_play
INSERT INTO `lottery_play`(`id`, `lottery_id`, `play_id`, `play_tag`, `play_name`, `status`, `documentary_status`, `sort`, `update_time`, `create_time`)
VALUES (602, 128, 449, '1810', '超级百万', 1, 0, 1, '2021-05-07 15:00:00', '2021-05-07 15:00:00');

-- lottery_play_class
INSERT INTO `lottery_play_class`(`id`, `lottery_id`, `play_class_id`, `play_tag`, `play_name`, `play_class_tag`, `play_class_name`, `max_select_num`, `status`, `documentary_status`, `sort`, `update_time`, `create_time`)
VALUES (1185, 128, 804, '1810', '超级百万', '18101', '超级百万', 999, 1, 0, 1, '2021-05-07 15:00:00', '2021-05-07 15:00:00');

-- lottery_play_class_group
INSERT INTO `lottery_play_class_group`(`id`, `lottery_id`, `play_class_group_id`, `play_tag`, `play_class_tag`, `group_tag`, `group_name`, `example`, `play_rule`, `status`, `sort`, `update_time`, `create_time`)
VALUES (1964, 128, 1843, '1810', '18101', '1810110', '红区', '投注方案~', '投注规则~', 1, 1, '2021-05-07 15:00:00', '2021-05-07 15:00:00');

INSERT INTO `lottery_play_class_group`(`id`, `lottery_id`, `play_class_group_id`, `play_tag`, `play_class_tag`, `group_tag`, `group_name`, `example`, `play_rule`, `status`, `sort`, `update_time`, `create_time`)
VALUES (1965, 128, 1844, '1810', '18101', '1810111', '蓝区', '投注方案~', '投注规则~', 1, 1, '2021-05-07 15:00:00', '2021-05-07 15:00:00');

-- lottery_play_class_group_attribute
INSERT INTO `lottery_play_class_group_attribute`(`id`, `lottery_id`, `play_class_group_attribute_id`, `play_tag`, `play_class_tag`, `group_tag`, `group_name`, `attribute_tag`, `attribute_name`, `odds`, `odds_two`, `odds_three`, `odds_four`, `odds_five`, `odds_six`, `odds_seven`, `odds_eight`, `odds_nine`, `odds_ten`, `odds_eleven`, `odds_twelve`, `odds_thirteen`, `odds_fourteen`, `odds_fifteen`, `odds_sixteen`, `odds_seventeen`, `odds_eighteen`, `odds_nineteen`, `odds_twenty`, `min_bets_money`, `max_bets_money`, `status`, `documentary_status`, `sort`, `update_time`, `create_time`) VALUES (33741, 128, 18167, '1810', '18101', '1810110', '蓝球区', '10', '1', 99, 88, 77, 66, 55, 44, 33, 22, 11, 0, 0, 0, 0, 0, 0, 0, 0, 0, 0, 0, 1, 99999999.000, 1, 0, 1, '2021-05-07 15:00:00', '2021-05-07 15:00:00');
INSERT INTO `lottery_play_class_group_attribute`(`id`, `lottery_id`, `play_class_group_attribute_id`, `play_tag`, `play_class_tag`, `group_tag`, `group_name`, `attribute_tag`, `attribute_name`, `odds`, `odds_two`, `odds_three`, `odds_four`, `odds_five`, `odds_six`, `odds_seven`, `odds_eight`, `odds_nine`, `odds_ten`, `odds_eleven`, `odds_twelve`, `odds_thirteen`, `odds_fourteen`, `odds_fifteen`, `odds_sixteen`, `odds_seventeen`, `odds_eighteen`, `odds_nineteen`, `odds_twenty`, `min_bets_money`, `max_bets_money`, `status`, `documentary_status`, `sort`, `update_time`, `create_time`) VALUES (33742, 128, 18168, '1810', '18101', '1810110', '蓝球区', '11', '2', 99, 88, 77, 66, 55, 44, 33, 22, 11, 0, 0, 0, 0, 0, 0, 0, 0, 0, 0, 0, 1, 99999999.000, 1, 0, 1, '2021-05-07 15:00:00', '2021-05-07 15:00:00');
INSERT INTO `lottery_play_class_group_attribute`(`id`, `lottery_id`, `play_class_group_attribute_id`, `play_tag`, `play_class_tag`, `group_tag`, `group_name`, `attribute_tag`, `attribute_name`, `odds`, `odds_two`, `odds_three`, `odds_four`, `odds_five`, `odds_six`, `odds_seven`, `odds_eight`, `odds_nine`, `odds_ten`, `odds_eleven`, `odds_twelve`, `odds_thirteen`, `odds_fourteen`, `odds_fifteen`, `odds_sixteen`, `odds_seventeen`, `odds_eighteen`, `odds_nineteen`, `odds_twenty`, `min_bets_money`, `max_bets_money`, `status`, `documentary_status`, `sort`, `update_time`, `create_time`) VALUES (33743, 128, 18169, '1810', '18101', '1810110', '蓝球区', '12', '3', 99, 88, 77, 66, 55, 44, 33, 22, 11, 0, 0, 0, 0, 0, 0, 0, 0, 0, 0, 0, 1, 99999999.000, 1, 0, 1, '2021-05-07 15:00:00', '2021-05-07 15:00:00');
INSERT INTO `lottery_play_class_group_attribute`(`id`, `lottery_id`, `play_class_group_attribute_id`, `play_tag`, `play_class_tag`, `group_tag`, `group_name`, `attribute_tag`, `attribute_name`, `odds`, `odds_two`, `odds_three`, `odds_four`, `odds_five`, `odds_six`, `odds_seven`, `odds_eight`, `odds_nine`, `odds_ten`, `odds_eleven`, `odds_twelve`, `odds_thirteen`, `odds_fourteen`, `odds_fifteen`, `odds_sixteen`, `odds_seventeen`, `odds_eighteen`, `odds_nineteen`, `odds_twenty`, `min_bets_money`, `max_bets_money`, `status`, `documentary_status`, `sort`, `update_time`, `create_time`) VALUES (33744, 128, 18170, '1810', '18101', '1810110', '蓝球区', '13', '4', 99, 88, 77, 66, 55, 44, 33, 22, 11, 0, 0, 0, 0, 0, 0, 0, 0, 0, 0, 0, 1, 99999999.000, 1, 0, 1, '2021-05-07 15:00:00', '2021-05-07 15:00:00');
INSERT INTO `lottery_play_class_group_attribute`(`id`, `lottery_id`, `play_class_group_attribute_id`, `play_tag`, `play_class_tag`, `group_tag`, `group_name`, `attribute_tag`, `attribute_name`, `odds`, `odds_two`, `odds_three`, `odds_four`, `odds_five`, `odds_six`, `odds_seven`, `odds_eight`, `odds_nine`, `odds_ten`, `odds_eleven`, `odds_twelve`, `odds_thirteen`, `odds_fourteen`, `odds_fifteen`, `odds_sixteen`, `odds_seventeen`, `odds_eighteen`, `odds_nineteen`, `odds_twenty`, `min_bets_money`, `max_bets_money`, `status`, `documentary_status`, `sort`, `update_time`, `create_time`) VALUES (33745, 128, 18171, '1810', '18101', '1810110', '蓝球区', '14', '5', 99, 88, 77, 66, 55, 44, 33, 22, 11, 0, 0, 0, 0, 0, 0, 0, 0, 0, 0, 0, 1, 99999999.000, 1, 0, 1, '2021-05-07 15:00:00', '2021-05-07 15:00:00');
INSERT INTO `lottery_play_class_group_attribute`(`id`, `lottery_id`, `play_class_group_attribute_id`, `play_tag`, `play_class_tag`, `group_tag`, `group_name`, `attribute_tag`, `attribute_name`, `odds`, `odds_two`, `odds_three`, `odds_four`, `odds_five`, `odds_six`, `odds_seven`, `odds_eight`, `odds_nine`, `odds_ten`, `odds_eleven`, `odds_twelve`, `odds_thirteen`, `odds_fourteen`, `odds_fifteen`, `odds_sixteen`, `odds_seventeen`, `odds_eighteen`, `odds_nineteen`, `odds_twenty`, `min_bets_money`, `max_bets_money`, `status`, `documentary_status`, `sort`, `update_time`, `create_time`) VALUES (33746, 128, 18172, '1810', '18101', '1810110', '蓝球区', '15', '6', 99, 88, 77, 66, 55, 44, 33, 22, 11, 0, 0, 0, 0, 0, 0, 0, 0, 0, 0, 0, 1, 99999999.000, 1, 0, 1, '2021-05-07 15:00:00', '2021-05-07 15:00:00');
INSERT INTO `lottery_play_class_group_attribute`(`id`, `lottery_id`, `play_class_group_attribute_id`, `play_tag`, `play_class_tag`, `group_tag`, `group_name`, `attribute_tag`, `attribute_name`, `odds`, `odds_two`, `odds_three`, `odds_four`, `odds_five`, `odds_six`, `odds_seven`, `odds_eight`, `odds_nine`, `odds_ten`, `odds_eleven`, `odds_twelve`, `odds_thirteen`, `odds_fourteen`, `odds_fifteen`, `odds_sixteen`, `odds_seventeen`, `odds_eighteen`, `odds_nineteen`, `odds_twenty`, `min_bets_money`, `max_bets_money`, `status`, `documentary_status`, `sort`, `update_time`, `create_time`) VALUES (33747, 128, 18173, '1810', '18101', '1810110', '蓝球区', '16', '7', 99, 88, 77, 66, 55, 44, 33, 22, 11, 0, 0, 0, 0, 0, 0, 0, 0, 0, 0, 0, 1, 99999999.000, 1, 0, 1, '2021-05-07 15:00:00', '2021-05-07 15:00:00');
INSERT INTO `lottery_play_class_group_attribute`(`id`, `lottery_id`, `play_class_group_attribute_id`, `play_tag`, `play_class_tag`, `group_tag`, `group_name`, `attribute_tag`, `attribute_name`, `odds`, `odds_two`, `odds_three`, `odds_four`, `odds_five`, `odds_six`, `odds_seven`, `odds_eight`, `odds_nine`, `odds_ten`, `odds_eleven`, `odds_twelve`, `odds_thirteen`, `odds_fourteen`, `odds_fifteen`, `odds_sixteen`, `odds_seventeen`, `odds_eighteen`, `odds_nineteen`, `odds_twenty`, `min_bets_money`, `max_bets_money`, `status`, `documentary_status`, `sort`, `update_time`, `create_time`) VALUES (33748, 128, 18174, '1810', '18101', '1810110', '蓝球区', '17', '8', 99, 88, 77, 66, 55, 44, 33, 22, 11, 0, 0, 0, 0, 0, 0, 0, 0, 0, 0, 0, 1, 99999999.000, 1, 0, 1, '2021-05-07 15:00:00', '2021-05-07 15:00:00');
INSERT INTO `lottery_play_class_group_attribute`(`id`, `lottery_id`, `play_class_group_attribute_id`, `play_tag`, `play_class_tag`, `group_tag`, `group_name`, `attribute_tag`, `attribute_name`, `odds`, `odds_two`, `odds_three`, `odds_four`, `odds_five`, `odds_six`, `odds_seven`, `odds_eight`, `odds_nine`, `odds_ten`, `odds_eleven`, `odds_twelve`, `odds_thirteen`, `odds_fourteen`, `odds_fifteen`, `odds_sixteen`, `odds_seventeen`, `odds_eighteen`, `odds_nineteen`, `odds_twenty`, `min_bets_money`, `max_bets_money`, `status`, `documentary_status`, `sort`, `update_time`, `create_time`) VALUES (33749, 128, 18175, '1810', '18101', '1810110', '蓝球区', '18', '9', 99, 88, 77, 66, 55, 44, 33, 22, 11, 0, 0, 0, 0, 0, 0, 0, 0, 0, 0, 0, 1, 99999999.000, 1, 0, 1, '2021-05-07 15:00:00', '2021-05-07 15:00:00');
INSERT INTO `lottery_play_class_group_attribute`(`id`, `lottery_id`, `play_class_group_attribute_id`, `play_tag`, `play_class_tag`, `group_tag`, `group_name`, `attribute_tag`, `attribute_name`, `odds`, `odds_two`, `odds_three`, `odds_four`, `odds_five`, `odds_six`, `odds_seven`, `odds_eight`, `odds_nine`, `odds_ten`, `odds_eleven`, `odds_twelve`, `odds_thirteen`, `odds_fourteen`, `odds_fifteen`, `odds_sixteen`, `odds_seventeen`, `odds_eighteen`, `odds_nineteen`, `odds_twenty`, `min_bets_money`, `max_bets_money`, `status`, `documentary_status`, `sort`, `update_time`, `create_time`) VALUES (33750, 128, 18176, '1810', '18101', '1810110', '蓝球区', '19', '10', 99, 88, 77, 66, 55, 44, 33, 22, 11, 0, 0, 0, 0, 0, 0, 0, 0, 0, 0, 0, 1, 99999999.000, 1, 0, 1, '2021-05-07 15:00:00', '2021-05-07 15:00:00');
INSERT INTO `lottery_play_class_group_attribute`(`id`, `lottery_id`, `play_class_group_attribute_id`, `play_tag`, `play_class_tag`, `group_tag`, `group_name`, `attribute_tag`, `attribute_name`, `odds`, `odds_two`, `odds_three`, `odds_four`, `odds_five`, `odds_six`, `odds_seven`, `odds_eight`, `odds_nine`, `odds_ten`, `odds_eleven`, `odds_twelve`, `odds_thirteen`, `odds_fourteen`, `odds_fifteen`, `odds_sixteen`, `odds_seventeen`, `odds_eighteen`, `odds_nineteen`, `odds_twenty`, `min_bets_money`, `max_bets_money`, `status`, `documentary_status`, `sort`, `update_time`, `create_time`) VALUES (33751, 128, 18177, '1810', '18101', '1810110', '蓝球区', '20', '11', 99, 88, 77, 66, 55, 44, 33, 22, 11, 0, 0, 0, 0, 0, 0, 0, 0, 0, 0, 0, 1, 99999999.000, 1, 0, 1, '2021-05-07 15:00:00', '2021-05-07 15:00:00');
INSERT INTO `lottery_play_class_group_attribute`(`id`, `lottery_id`, `play_class_group_attribute_id`, `play_tag`, `play_class_tag`, `group_tag`, `group_name`, `attribute_tag`, `attribute_name`, `odds`, `odds_two`, `odds_three`, `odds_four`, `odds_five`, `odds_six`, `odds_seven`, `odds_eight`, `odds_nine`, `odds_ten`, `odds_eleven`, `odds_twelve`, `odds_thirteen`, `odds_fourteen`, `odds_fifteen`, `odds_sixteen`, `odds_seventeen`, `odds_eighteen`, `odds_nineteen`, `odds_twenty`, `min_bets_money`, `max_bets_money`, `status`, `documentary_status`, `sort`, `update_time`, `create_time`) VALUES (33752, 128, 18178, '1810', '18101', '1810110', '蓝球区', '21', '12', 99, 88, 77, 66, 55, 44, 33, 22, 11, 0, 0, 0, 0, 0, 0, 0, 0, 0, 0, 0, 1, 99999999.000, 1, 0, 1, '2021-05-07 15:00:00', '2021-05-07 15:00:00');
INSERT INTO `lottery_play_class_group_attribute`(`id`, `lottery_id`, `play_class_group_attribute_id`, `play_tag`, `play_class_tag`, `group_tag`, `group_name`, `attribute_tag`, `attribute_name`, `odds`, `odds_two`, `odds_three`, `odds_four`, `odds_five`, `odds_six`, `odds_seven`, `odds_eight`, `odds_nine`, `odds_ten`, `odds_eleven`, `odds_twelve`, `odds_thirteen`, `odds_fourteen`, `odds_fifteen`, `odds_sixteen`, `odds_seventeen`, `odds_eighteen`, `odds_nineteen`, `odds_twenty`, `min_bets_money`, `max_bets_money`, `status`, `documentary_status`, `sort`, `update_time`, `create_time`) VALUES (33753, 128, 18179, '1810', '18101', '1810110', '蓝球区', '22', '13', 99, 88, 77, 66, 55, 44, 33, 22, 11, 0, 0, 0, 0, 0, 0, 0, 0, 0, 0, 0, 1, 99999999.000, 1, 0, 1, '2021-05-07 15:00:00', '2021-05-07 15:00:00');
INSERT INTO `lottery_play_class_group_attribute`(`id`, `lottery_id`, `play_class_group_attribute_id`, `play_tag`, `play_class_tag`, `group_tag`, `group_name`, `attribute_tag`, `attribute_name`, `odds`, `odds_two`, `odds_three`, `odds_four`, `odds_five`, `odds_six`, `odds_seven`, `odds_eight`, `odds_nine`, `odds_ten`, `odds_eleven`, `odds_twelve`, `odds_thirteen`, `odds_fourteen`, `odds_fifteen`, `odds_sixteen`, `odds_seventeen`, `odds_eighteen`, `odds_nineteen`, `odds_twenty`, `min_bets_money`, `max_bets_money`, `status`, `documentary_status`, `sort`, `update_time`, `create_time`) VALUES (33754, 128, 18180, '1810', '18101', '1810110', '蓝球区', '23', '14', 99, 88, 77, 66, 55, 44, 33, 22, 11, 0, 0, 0, 0, 0, 0, 0, 0, 0, 0, 0, 1, 99999999.000, 1, 0, 1, '2021-05-07 15:00:00', '2021-05-07 15:00:00');
INSERT INTO `lottery_play_class_group_attribute`(`id`, `lottery_id`, `play_class_group_attribute_id`, `play_tag`, `play_class_tag`, `group_tag`, `group_name`, `attribute_tag`, `attribute_name`, `odds`, `odds_two`, `odds_three`, `odds_four`, `odds_five`, `odds_six`, `odds_seven`, `odds_eight`, `odds_nine`, `odds_ten`, `odds_eleven`, `odds_twelve`, `odds_thirteen`, `odds_fourteen`, `odds_fifteen`, `odds_sixteen`, `odds_seventeen`, `odds_eighteen`, `odds_nineteen`, `odds_twenty`, `min_bets_money`, `max_bets_money`, `status`, `documentary_status`, `sort`, `update_time`, `create_time`) VALUES (33755, 128, 18181, '1810', '18101', '1810110', '蓝球区', '24', '15', 99, 88, 77, 66, 55, 44, 33, 22, 11, 0, 0, 0, 0, 0, 0, 0, 0, 0, 0, 0, 1, 99999999.000, 1, 0, 1, '2021-05-07 15:00:00', '2021-05-07 15:00:00');
INSERT INTO `lottery_play_class_group_attribute`(`id`, `lottery_id`, `play_class_group_attribute_id`, `play_tag`, `play_class_tag`, `group_tag`, `group_name`, `attribute_tag`, `attribute_name`, `odds`, `odds_two`, `odds_three`, `odds_four`, `odds_five`, `odds_six`, `odds_seven`, `odds_eight`, `odds_nine`, `odds_ten`, `odds_eleven`, `odds_twelve`, `odds_thirteen`, `odds_fourteen`, `odds_fifteen`, `odds_sixteen`, `odds_seventeen`, `odds_eighteen`, `odds_nineteen`, `odds_twenty`, `min_bets_money`, `max_bets_money`, `status`, `documentary_status`, `sort`, `update_time`, `create_time`) VALUES (33756, 128, 18182, '1810', '18101', '1810110', '蓝球区', '25', '16', 99, 88, 77, 66, 55, 44, 33, 22, 11, 0, 0, 0, 0, 0, 0, 0, 0, 0, 0, 0, 1, 99999999.000, 1, 0, 1, '2021-05-07 15:00:00', '2021-05-07 15:00:00');
INSERT INTO `lottery_play_class_group_attribute`(`id`, `lottery_id`, `play_class_group_attribute_id`, `play_tag`, `play_class_tag`, `group_tag`, `group_name`, `attribute_tag`, `attribute_name`, `odds`, `odds_two`, `odds_three`, `odds_four`, `odds_five`, `odds_six`, `odds_seven`, `odds_eight`, `odds_nine`, `odds_ten`, `odds_eleven`, `odds_twelve`, `odds_thirteen`, `odds_fourteen`, `odds_fifteen`, `odds_sixteen`, `odds_seventeen`, `odds_eighteen`, `odds_nineteen`, `odds_twenty`, `min_bets_money`, `max_bets_money`, `status`, `documentary_status`, `sort`, `update_time`, `create_time`) VALUES (33757, 128, 18183, '1810', '18101', '1810110', '蓝球区', '26', '17', 99, 88, 77, 66, 55, 44, 33, 22, 11, 0, 0, 0, 0, 0, 0, 0, 0, 0, 0, 0, 1, 99999999.000, 1, 0, 1, '2021-05-07 15:00:00', '2021-05-07 15:00:00');
INSERT INTO `lottery_play_class_group_attribute`(`id`, `lottery_id`, `play_class_group_attribute_id`, `play_tag`, `play_class_tag`, `group_tag`, `group_name`, `attribute_tag`, `attribute_name`, `odds`, `odds_two`, `odds_three`, `odds_four`, `odds_five`, `odds_six`, `odds_seven`, `odds_eight`, `odds_nine`, `odds_ten`, `odds_eleven`, `odds_twelve`, `odds_thirteen`, `odds_fourteen`, `odds_fifteen`, `odds_sixteen`, `odds_seventeen`, `odds_eighteen`, `odds_nineteen`, `odds_twenty`, `min_bets_money`, `max_bets_money`, `status`, `documentary_status`, `sort`, `update_time`, `create_time`) VALUES (33758, 128, 18184, '1810', '18101', '1810110', '蓝球区', '27', '18', 99, 88, 77, 66, 55, 44, 33, 22, 11, 0, 0, 0, 0, 0, 0, 0, 0, 0, 0, 0, 1, 99999999.000, 1, 0, 1, '2021-05-07 15:00:00', '2021-05-07 15:00:00');
INSERT INTO `lottery_play_class_group_attribute`(`id`, `lottery_id`, `play_class_group_attribute_id`, `play_tag`, `play_class_tag`, `group_tag`, `group_name`, `attribute_tag`, `attribute_name`, `odds`, `odds_two`, `odds_three`, `odds_four`, `odds_five`, `odds_six`, `odds_seven`, `odds_eight`, `odds_nine`, `odds_ten`, `odds_eleven`, `odds_twelve`, `odds_thirteen`, `odds_fourteen`, `odds_fifteen`, `odds_sixteen`, `odds_seventeen`, `odds_eighteen`, `odds_nineteen`, `odds_twenty`, `min_bets_money`, `max_bets_money`, `status`, `documentary_status`, `sort`, `update_time`, `create_time`) VALUES (33759, 128, 18185, '1810', '18101', '1810110', '蓝球区', '28', '19', 99, 88, 77, 66, 55, 44, 33, 22, 11, 0, 0, 0, 0, 0, 0, 0, 0, 0, 0, 0, 1, 99999999.000, 1, 0, 1, '2021-05-07 15:00:00', '2021-05-07 15:00:00');
INSERT INTO `lottery_play_class_group_attribute`(`id`, `lottery_id`, `play_class_group_attribute_id`, `play_tag`, `play_class_tag`, `group_tag`, `group_name`, `attribute_tag`, `attribute_name`, `odds`, `odds_two`, `odds_three`, `odds_four`, `odds_five`, `odds_six`, `odds_seven`, `odds_eight`, `odds_nine`, `odds_ten`, `odds_eleven`, `odds_twelve`, `odds_thirteen`, `odds_fourteen`, `odds_fifteen`, `odds_sixteen`, `odds_seventeen`, `odds_eighteen`, `odds_nineteen`, `odds_twenty`, `min_bets_money`, `max_bets_money`, `status`, `documentary_status`, `sort`, `update_time`, `create_time`) VALUES (33760, 128, 18186, '1810', '18101', '1810110', '蓝球区', '29', '20', 99, 88, 77, 66, 55, 44, 33, 22, 11, 0, 0, 0, 0, 0, 0, 0, 0, 0, 0, 0, 1, 99999999.000, 1, 0, 1, '2021-05-07 15:00:00', '2021-05-07 15:00:00');
INSERT INTO `lottery_play_class_group_attribute`(`id`, `lottery_id`, `play_class_group_attribute_id`, `play_tag`, `play_class_tag`, `group_tag`, `group_name`, `attribute_tag`, `attribute_name`, `odds`, `odds_two`, `odds_three`, `odds_four`, `odds_five`, `odds_six`, `odds_seven`, `odds_eight`, `odds_nine`, `odds_ten`, `odds_eleven`, `odds_twelve`, `odds_thirteen`, `odds_fourteen`, `odds_fifteen`, `odds_sixteen`, `odds_seventeen`, `odds_eighteen`, `odds_nineteen`, `odds_twenty`, `min_bets_money`, `max_bets_money`, `status`, `documentary_status`, `sort`, `update_time`, `create_time`) VALUES (33761, 128, 18187, '1810', '18101', '1810110', '蓝球区', '30', '21', 99, 88, 77, 66, 55, 44, 33, 22, 11, 0, 0, 0, 0, 0, 0, 0, 0, 0, 0, 0, 1, 99999999.000, 1, 0, 1, '2021-05-07 15:00:00', '2021-05-07 15:00:00');
INSERT INTO `lottery_play_class_group_attribute`(`id`, `lottery_id`, `play_class_group_attribute_id`, `play_tag`, `play_class_tag`, `group_tag`, `group_name`, `attribute_tag`, `attribute_name`, `odds`, `odds_two`, `odds_three`, `odds_four`, `odds_five`, `odds_six`, `odds_seven`, `odds_eight`, `odds_nine`, `odds_ten`, `odds_eleven`, `odds_twelve`, `odds_thirteen`, `odds_fourteen`, `odds_fifteen`, `odds_sixteen`, `odds_seventeen`, `odds_eighteen`, `odds_nineteen`, `odds_twenty`, `min_bets_money`, `max_bets_money`, `status`, `documentary_status`, `sort`, `update_time`, `create_time`) VALUES (33762, 128, 18188, '1810', '18101', '1810110', '蓝球区', '31', '22', 99, 88, 77, 66, 55, 44, 33, 22, 11, 0, 0, 0, 0, 0, 0, 0, 0, 0, 0, 0, 1, 99999999.000, 1, 0, 1, '2021-05-07 15:00:00', '2021-05-07 15:00:00');
INSERT INTO `lottery_play_class_group_attribute`(`id`, `lottery_id`, `play_class_group_attribute_id`, `play_tag`, `play_class_tag`, `group_tag`, `group_name`, `attribute_tag`, `attribute_name`, `odds`, `odds_two`, `odds_three`, `odds_four`, `odds_five`, `odds_six`, `odds_seven`, `odds_eight`, `odds_nine`, `odds_ten`, `odds_eleven`, `odds_twelve`, `odds_thirteen`, `odds_fourteen`, `odds_fifteen`, `odds_sixteen`, `odds_seventeen`, `odds_eighteen`, `odds_nineteen`, `odds_twenty`, `min_bets_money`, `max_bets_money`, `status`, `documentary_status`, `sort`, `update_time`, `create_time`) VALUES (33763, 128, 18189, '1810', '18101', '1810110', '蓝球区', '32', '23', 99, 88, 77, 66, 55, 44, 33, 22, 11, 0, 0, 0, 0, 0, 0, 0, 0, 0, 0, 0, 1, 99999999.000, 1, 0, 1, '2021-05-07 15:00:00', '2021-05-07 15:00:00');
INSERT INTO `lottery_play_class_group_attribute`(`id`, `lottery_id`, `play_class_group_attribute_id`, `play_tag`, `play_class_tag`, `group_tag`, `group_name`, `attribute_tag`, `attribute_name`, `odds`, `odds_two`, `odds_three`, `odds_four`, `odds_five`, `odds_six`, `odds_seven`, `odds_eight`, `odds_nine`, `odds_ten`, `odds_eleven`, `odds_twelve`, `odds_thirteen`, `odds_fourteen`, `odds_fifteen`, `odds_sixteen`, `odds_seventeen`, `odds_eighteen`, `odds_nineteen`, `odds_twenty`, `min_bets_money`, `max_bets_money`, `status`, `documentary_status`, `sort`, `update_time`, `create_time`) VALUES (33764, 128, 18190, '1810', '18101', '1810110', '蓝球区', '33', '24', 99, 88, 77, 66, 55, 44, 33, 22, 11, 0, 0, 0, 0, 0, 0, 0, 0, 0, 0, 0, 1, 99999999.000, 1, 0, 1, '2021-05-07 15:00:00', '2021-05-07 15:00:00');
INSERT INTO `lottery_play_class_group_attribute`(`id`, `lottery_id`, `play_class_group_attribute_id`, `play_tag`, `play_class_tag`, `group_tag`, `group_name`, `attribute_tag`, `attribute_name`, `odds`, `odds_two`, `odds_three`, `odds_four`, `odds_five`, `odds_six`, `odds_seven`, `odds_eight`, `odds_nine`, `odds_ten`, `odds_eleven`, `odds_twelve`, `odds_thirteen`, `odds_fourteen`, `odds_fifteen`, `odds_sixteen`, `odds_seventeen`, `odds_eighteen`, `odds_nineteen`, `odds_twenty`, `min_bets_money`, `max_bets_money`, `status`, `documentary_status`, `sort`, `update_time`, `create_time`) VALUES (33765, 128, 18191, '1810', '18101', '1810110', '蓝球区', '34', '25', 99, 88, 77, 66, 55, 44, 33, 22, 11, 0, 0, 0, 0, 0, 0, 0, 0, 0, 0, 0, 1, 99999999.000, 1, 0, 1, '2021-05-07 15:00:00', '2021-05-07 15:00:00');
INSERT INTO `lottery_play_class_group_attribute`(`id`, `lottery_id`, `play_class_group_attribute_id`, `play_tag`, `play_class_tag`, `group_tag`, `group_name`, `attribute_tag`, `attribute_name`, `odds`, `odds_two`, `odds_three`, `odds_four`, `odds_five`, `odds_six`, `odds_seven`, `odds_eight`, `odds_nine`, `odds_ten`, `odds_eleven`, `odds_twelve`, `odds_thirteen`, `odds_fourteen`, `odds_fifteen`, `odds_sixteen`, `odds_seventeen`, `odds_eighteen`, `odds_nineteen`, `odds_twenty`, `min_bets_money`, `max_bets_money`, `status`, `documentary_status`, `sort`, `update_time`, `create_time`) VALUES (33766, 128, 18192, '1810', '18101', '1810110', '蓝球区', '35', '26', 99, 88, 77, 66, 55, 44, 33, 22, 11, 0, 0, 0, 0, 0, 0, 0, 0, 0, 0, 0, 1, 99999999.000, 1, 0, 1, '2021-05-07 15:00:00', '2021-05-07 15:00:00');
INSERT INTO `lottery_play_class_group_attribute`(`id`, `lottery_id`, `play_class_group_attribute_id`, `play_tag`, `play_class_tag`, `group_tag`, `group_name`, `attribute_tag`, `attribute_name`, `odds`, `odds_two`, `odds_three`, `odds_four`, `odds_five`, `odds_six`, `odds_seven`, `odds_eight`, `odds_nine`, `odds_ten`, `odds_eleven`, `odds_twelve`, `odds_thirteen`, `odds_fourteen`, `odds_fifteen`, `odds_sixteen`, `odds_seventeen`, `odds_eighteen`, `odds_nineteen`, `odds_twenty`, `min_bets_money`, `max_bets_money`, `status`, `documentary_status`, `sort`, `update_time`, `create_time`) VALUES (33767, 128, 18193, '1810', '18101', '1810110', '蓝球区', '36', '27', 99, 88, 77, 66, 55, 44, 33, 22, 11, 0, 0, 0, 0, 0, 0, 0, 0, 0, 0, 0, 1, 99999999.000, 1, 0, 1, '2021-05-07 15:00:00', '2021-05-07 15:00:00');
INSERT INTO `lottery_play_class_group_attribute`(`id`, `lottery_id`, `play_class_group_attribute_id`, `play_tag`, `play_class_tag`, `group_tag`, `group_name`, `attribute_tag`, `attribute_name`, `odds`, `odds_two`, `odds_three`, `odds_four`, `odds_five`, `odds_six`, `odds_seven`, `odds_eight`, `odds_nine`, `odds_ten`, `odds_eleven`, `odds_twelve`, `odds_thirteen`, `odds_fourteen`, `odds_fifteen`, `odds_sixteen`, `odds_seventeen`, `odds_eighteen`, `odds_nineteen`, `odds_twenty`, `min_bets_money`, `max_bets_money`, `status`, `documentary_status`, `sort`, `update_time`, `create_time`) VALUES (33768, 128, 18194, '1810', '18101', '1810110', '蓝球区', '37', '28', 99, 88, 77, 66, 55, 44, 33, 22, 11, 0, 0, 0, 0, 0, 0, 0, 0, 0, 0, 0, 1, 99999999.000, 1, 0, 1, '2021-05-07 15:00:00', '2021-05-07 15:00:00');
INSERT INTO `lottery_play_class_group_attribute`(`id`, `lottery_id`, `play_class_group_attribute_id`, `play_tag`, `play_class_tag`, `group_tag`, `group_name`, `attribute_tag`, `attribute_name`, `odds`, `odds_two`, `odds_three`, `odds_four`, `odds_five`, `odds_six`, `odds_seven`, `odds_eight`, `odds_nine`, `odds_ten`, `odds_eleven`, `odds_twelve`, `odds_thirteen`, `odds_fourteen`, `odds_fifteen`, `odds_sixteen`, `odds_seventeen`, `odds_eighteen`, `odds_nineteen`, `odds_twenty`, `min_bets_money`, `max_bets_money`, `status`, `documentary_status`, `sort`, `update_time`, `create_time`) VALUES (33769, 128, 18195, '1810', '18101', '1810110', '蓝球区', '38', '29', 99, 88, 77, 66, 55, 44, 33, 22, 11, 0, 0, 0, 0, 0, 0, 0, 0, 0, 0, 0, 1, 99999999.000, 1, 0, 1, '2021-05-07 15:00:00', '2021-05-07 15:00:00');
INSERT INTO `lottery_play_class_group_attribute`(`id`, `lottery_id`, `play_class_group_attribute_id`, `play_tag`, `play_class_tag`, `group_tag`, `group_name`, `attribute_tag`, `attribute_name`, `odds`, `odds_two`, `odds_three`, `odds_four`, `odds_five`, `odds_six`, `odds_seven`, `odds_eight`, `odds_nine`, `odds_ten`, `odds_eleven`, `odds_twelve`, `odds_thirteen`, `odds_fourteen`, `odds_fifteen`, `odds_sixteen`, `odds_seventeen`, `odds_eighteen`, `odds_nineteen`, `odds_twenty`, `min_bets_money`, `max_bets_money`, `status`, `documentary_status`, `sort`, `update_time`, `create_time`) VALUES (33770, 128, 18196, '1810', '18101', '1810110', '蓝球区', '39', '30', 99, 88, 77, 66, 55, 44, 33, 22, 11, 0, 0, 0, 0, 0, 0, 0, 0, 0, 0, 0, 1, 99999999.000, 1, 0, 1, '2021-05-07 15:00:00', '2021-05-07 15:00:00');
INSERT INTO `lottery_play_class_group_attribute`(`id`, `lottery_id`, `play_class_group_attribute_id`, `play_tag`, `play_class_tag`, `group_tag`, `group_name`, `attribute_tag`, `attribute_name`, `odds`, `odds_two`, `odds_three`, `odds_four`, `odds_five`, `odds_six`, `odds_seven`, `odds_eight`, `odds_nine`, `odds_ten`, `odds_eleven`, `odds_twelve`, `odds_thirteen`, `odds_fourteen`, `odds_fifteen`, `odds_sixteen`, `odds_seventeen`, `odds_eighteen`, `odds_nineteen`, `odds_twenty`, `min_bets_money`, `max_bets_money`, `status`, `documentary_status`, `sort`, `update_time`, `create_time`) VALUES (33771, 128, 18197, '1810', '18101', '1810110', '蓝球区', '40', '31', 99, 88, 77, 66, 55, 44, 33, 22, 11, 0, 0, 0, 0, 0, 0, 0, 0, 0, 0, 0, 1, 99999999.000, 1, 0, 1, '2021-05-07 15:00:00', '2021-05-07 15:00:00');
INSERT INTO `lottery_play_class_group_attribute`(`id`, `lottery_id`, `play_class_group_attribute_id`, `play_tag`, `play_class_tag`, `group_tag`, `group_name`, `attribute_tag`, `attribute_name`, `odds`, `odds_two`, `odds_three`, `odds_four`, `odds_five`, `odds_six`, `odds_seven`, `odds_eight`, `odds_nine`, `odds_ten`, `odds_eleven`, `odds_twelve`, `odds_thirteen`, `odds_fourteen`, `odds_fifteen`, `odds_sixteen`, `odds_seventeen`, `odds_eighteen`, `odds_nineteen`, `odds_twenty`, `min_bets_money`, `max_bets_money`, `status`, `documentary_status`, `sort`, `update_time`, `create_time`) VALUES (33772, 128, 18198, '1810', '18101', '1810110', '蓝球区', '41', '32', 99, 88, 77, 66, 55, 44, 33, 22, 11, 0, 0, 0, 0, 0, 0, 0, 0, 0, 0, 0, 1, 99999999.000, 1, 0, 1, '2021-05-07 15:00:00', '2021-05-07 15:00:00');
INSERT INTO `lottery_play_class_group_attribute`(`id`, `lottery_id`, `play_class_group_attribute_id`, `play_tag`, `play_class_tag`, `group_tag`, `group_name`, `attribute_tag`, `attribute_name`, `odds`, `odds_two`, `odds_three`, `odds_four`, `odds_five`, `odds_six`, `odds_seven`, `odds_eight`, `odds_nine`, `odds_ten`, `odds_eleven`, `odds_twelve`, `odds_thirteen`, `odds_fourteen`, `odds_fifteen`, `odds_sixteen`, `odds_seventeen`, `odds_eighteen`, `odds_nineteen`, `odds_twenty`, `min_bets_money`, `max_bets_money`, `status`, `documentary_status`, `sort`, `update_time`, `create_time`) VALUES (33773, 128, 18199, '1810', '18101', '1810110', '蓝球区', '42', '33', 99, 88, 77, 66, 55, 44, 33, 22, 11, 0, 0, 0, 0, 0, 0, 0, 0, 0, 0, 0, 1, 99999999.000, 1, 0, 1, '2021-05-07 15:00:00', '2021-05-07 15:00:00');
INSERT INTO `lottery_play_class_group_attribute`(`id`, `lottery_id`, `play_class_group_attribute_id`, `play_tag`, `play_class_tag`, `group_tag`, `group_name`, `attribute_tag`, `attribute_name`, `odds`, `odds_two`, `odds_three`, `odds_four`, `odds_five`, `odds_six`, `odds_seven`, `odds_eight`, `odds_nine`, `odds_ten`, `odds_eleven`, `odds_twelve`, `odds_thirteen`, `odds_fourteen`, `odds_fifteen`, `odds_sixteen`, `odds_seventeen`, `odds_eighteen`, `odds_nineteen`, `odds_twenty`, `min_bets_money`, `max_bets_money`, `status`, `documentary_status`, `sort`, `update_time`, `create_time`) VALUES (33774, 128, 18200, '1810', '18101', '1810110', '蓝球区', '43', '34', 99, 88, 77, 66, 55, 44, 33, 22, 11, 0, 0, 0, 0, 0, 0, 0, 0, 0, 0, 0, 1, 99999999.000, 1, 0, 1, '2021-05-07 15:00:00', '2021-05-07 15:00:00');
INSERT INTO `lottery_play_class_group_attribute`(`id`, `lottery_id`, `play_class_group_attribute_id`, `play_tag`, `play_class_tag`, `group_tag`, `group_name`, `attribute_tag`, `attribute_name`, `odds`, `odds_two`, `odds_three`, `odds_four`, `odds_five`, `odds_six`, `odds_seven`, `odds_eight`, `odds_nine`, `odds_ten`, `odds_eleven`, `odds_twelve`, `odds_thirteen`, `odds_fourteen`, `odds_fifteen`, `odds_sixteen`, `odds_seventeen`, `odds_eighteen`, `odds_nineteen`, `odds_twenty`, `min_bets_money`, `max_bets_money`, `status`, `documentary_status`, `sort`, `update_time`, `create_time`) VALUES (33775, 128, 18201, '1810', '18101', '1810110', '蓝球区', '44', '35', 99, 88, 77, 66, 55, 44, 33, 22, 11, 0, 0, 0, 0, 0, 0, 0, 0, 0, 0, 0, 1, 99999999.000, 1, 0, 1, '2021-05-07 15:00:00', '2021-05-07 15:00:00');
INSERT INTO `lottery_play_class_group_attribute`(`id`, `lottery_id`, `play_class_group_attribute_id`, `play_tag`, `play_class_tag`, `group_tag`, `group_name`, `attribute_tag`, `attribute_name`, `odds`, `odds_two`, `odds_three`, `odds_four`, `odds_five`, `odds_six`, `odds_seven`, `odds_eight`, `odds_nine`, `odds_ten`, `odds_eleven`, `odds_twelve`, `odds_thirteen`, `odds_fourteen`, `odds_fifteen`, `odds_sixteen`, `odds_seventeen`, `odds_eighteen`, `odds_nineteen`, `odds_twenty`, `min_bets_money`, `max_bets_money`, `status`, `documentary_status`, `sort`, `update_time`, `create_time`) VALUES (33776, 128, 18202, '1810', '18101', '1810110', '蓝球区', '45', '36', 99, 88, 77, 66, 55, 44, 33, 22, 11, 0, 0, 0, 0, 0, 0, 0, 0, 0, 0, 0, 1, 99999999.000, 1, 0, 1, '2021-05-07 15:00:00', '2021-05-07 15:00:00');
INSERT INTO `lottery_play_class_group_attribute`(`id`, `lottery_id`, `play_class_group_attribute_id`, `play_tag`, `play_class_tag`, `group_tag`, `group_name`, `attribute_tag`, `attribute_name`, `odds`, `odds_two`, `odds_three`, `odds_four`, `odds_five`, `odds_six`, `odds_seven`, `odds_eight`, `odds_nine`, `odds_ten`, `odds_eleven`, `odds_twelve`, `odds_thirteen`, `odds_fourteen`, `odds_fifteen`, `odds_sixteen`, `odds_seventeen`, `odds_eighteen`, `odds_nineteen`, `odds_twenty`, `min_bets_money`, `max_bets_money`, `status`, `documentary_status`, `sort`, `update_time`, `create_time`) VALUES (33777, 128, 18203, '1810', '18101', '1810110', '蓝球区', '46', '37', 99, 88, 77, 66, 55, 44, 33, 22, 11, 0, 0, 0, 0, 0, 0, 0, 0, 0, 0, 0, 1, 99999999.000, 1, 0, 1, '2021-05-07 15:00:00', '2021-05-07 15:00:00');
INSERT INTO `lottery_play_class_group_attribute`(`id`, `lottery_id`, `play_class_group_attribute_id`, `play_tag`, `play_class_tag`, `group_tag`, `group_name`, `attribute_tag`, `attribute_name`, `odds`, `odds_two`, `odds_three`, `odds_four`, `odds_five`, `odds_six`, `odds_seven`, `odds_eight`, `odds_nine`, `odds_ten`, `odds_eleven`, `odds_twelve`, `odds_thirteen`, `odds_fourteen`, `odds_fifteen`, `odds_sixteen`, `odds_seventeen`, `odds_eighteen`, `odds_nineteen`, `odds_twenty`, `min_bets_money`, `max_bets_money`, `status`, `documentary_status`, `sort`, `update_time`, `create_time`) VALUES (33778, 128, 18204, '1810', '18101', '1810110', '蓝球区', '47', '38', 99, 88, 77, 66, 55, 44, 33, 22, 11, 0, 0, 0, 0, 0, 0, 0, 0, 0, 0, 0, 1, 99999999.000, 1, 0, 1, '2021-05-07 15:00:00', '2021-05-07 15:00:00');
INSERT INTO `lottery_play_class_group_attribute`(`id`, `lottery_id`, `play_class_group_attribute_id`, `play_tag`, `play_class_tag`, `group_tag`, `group_name`, `attribute_tag`, `attribute_name`, `odds`, `odds_two`, `odds_three`, `odds_four`, `odds_five`, `odds_six`, `odds_seven`, `odds_eight`, `odds_nine`, `odds_ten`, `odds_eleven`, `odds_twelve`, `odds_thirteen`, `odds_fourteen`, `odds_fifteen`, `odds_sixteen`, `odds_seventeen`, `odds_eighteen`, `odds_nineteen`, `odds_twenty`, `min_bets_money`, `max_bets_money`, `status`, `documentary_status`, `sort`, `update_time`, `create_time`) VALUES (33779, 128, 18205, '1810', '18101', '1810110', '蓝球区', '48', '39', 99, 88, 77, 66, 55, 44, 33, 22, 11, 0, 0, 0, 0, 0, 0, 0, 0, 0, 0, 0, 1, 99999999.000, 1, 0, 1, '2021-05-07 15:00:00', '2021-05-07 15:00:00');
INSERT INTO `lottery_play_class_group_attribute`(`id`, `lottery_id`, `play_class_group_attribute_id`, `play_tag`, `play_class_tag`, `group_tag`, `group_name`, `attribute_tag`, `attribute_name`, `odds`, `odds_two`, `odds_three`, `odds_four`, `odds_five`, `odds_six`, `odds_seven`, `odds_eight`, `odds_nine`, `odds_ten`, `odds_eleven`, `odds_twelve`, `odds_thirteen`, `odds_fourteen`, `odds_fifteen`, `odds_sixteen`, `odds_seventeen`, `odds_eighteen`, `odds_nineteen`, `odds_twenty`, `min_bets_money`, `max_bets_money`, `status`, `documentary_status`, `sort`, `update_time`, `create_time`) VALUES (33780, 128, 18206, '1810', '18101', '1810110', '蓝球区', '49', '40', 99, 88, 77, 66, 55, 44, 33, 22, 11, 0, 0, 0, 0, 0, 0, 0, 0, 0, 0, 0, 1, 99999999.000, 1, 0, 1, '2021-05-07 15:00:00', '2021-05-07 15:00:00');
INSERT INTO `lottery_play_class_group_attribute`(`id`, `lottery_id`, `play_class_group_attribute_id`, `play_tag`, `play_class_tag`, `group_tag`, `group_name`, `attribute_tag`, `attribute_name`, `odds`, `odds_two`, `odds_three`, `odds_four`, `odds_five`, `odds_six`, `odds_seven`, `odds_eight`, `odds_nine`, `odds_ten`, `odds_eleven`, `odds_twelve`, `odds_thirteen`, `odds_fourteen`, `odds_fifteen`, `odds_sixteen`, `odds_seventeen`, `odds_eighteen`, `odds_nineteen`, `odds_twenty`, `min_bets_money`, `max_bets_money`, `status`, `documentary_status`, `sort`, `update_time`, `create_time`) VALUES (33781, 128, 18207, '1810', '18101', '1810110', '蓝球区', '50', '41', 99, 88, 77, 66, 55, 44, 33, 22, 11, 0, 0, 0, 0, 0, 0, 0, 0, 0, 0, 0, 1, 99999999.000, 1, 0, 1, '2021-05-07 15:00:00', '2021-05-07 15:00:00');
INSERT INTO `lottery_play_class_group_attribute`(`id`, `lottery_id`, `play_class_group_attribute_id`, `play_tag`, `play_class_tag`, `group_tag`, `group_name`, `attribute_tag`, `attribute_name`, `odds`, `odds_two`, `odds_three`, `odds_four`, `odds_five`, `odds_six`, `odds_seven`, `odds_eight`, `odds_nine`, `odds_ten`, `odds_eleven`, `odds_twelve`, `odds_thirteen`, `odds_fourteen`, `odds_fifteen`, `odds_sixteen`, `odds_seventeen`, `odds_eighteen`, `odds_nineteen`, `odds_twenty`, `min_bets_money`, `max_bets_money`, `status`, `documentary_status`, `sort`, `update_time`, `create_time`) VALUES (33782, 128, 18208, '1810', '18101', '1810110', '蓝球区', '51', '42', 99, 88, 77, 66, 55, 44, 33, 22, 11, 0, 0, 0, 0, 0, 0, 0, 0, 0, 0, 0, 1, 99999999.000, 1, 0, 1, '2021-05-07 15:00:00', '2021-05-07 15:00:00');
INSERT INTO `lottery_play_class_group_attribute`(`id`, `lottery_id`, `play_class_group_attribute_id`, `play_tag`, `play_class_tag`, `group_tag`, `group_name`, `attribute_tag`, `attribute_name`, `odds`, `odds_two`, `odds_three`, `odds_four`, `odds_five`, `odds_six`, `odds_seven`, `odds_eight`, `odds_nine`, `odds_ten`, `odds_eleven`, `odds_twelve`, `odds_thirteen`, `odds_fourteen`, `odds_fifteen`, `odds_sixteen`, `odds_seventeen`, `odds_eighteen`, `odds_nineteen`, `odds_twenty`, `min_bets_money`, `max_bets_money`, `status`, `documentary_status`, `sort`, `update_time`, `create_time`) VALUES (33783, 128, 18209, '1810', '18101', '1810110', '蓝球区', '52', '43', 99, 88, 77, 66, 55, 44, 33, 22, 11, 0, 0, 0, 0, 0, 0, 0, 0, 0, 0, 0, 1, 99999999.000, 1, 0, 1, '2021-05-07 15:00:00', '2021-05-07 15:00:00');
INSERT INTO `lottery_play_class_group_attribute`(`id`, `lottery_id`, `play_class_group_attribute_id`, `play_tag`, `play_class_tag`, `group_tag`, `group_name`, `attribute_tag`, `attribute_name`, `odds`, `odds_two`, `odds_three`, `odds_four`, `odds_five`, `odds_six`, `odds_seven`, `odds_eight`, `odds_nine`, `odds_ten`, `odds_eleven`, `odds_twelve`, `odds_thirteen`, `odds_fourteen`, `odds_fifteen`, `odds_sixteen`, `odds_seventeen`, `odds_eighteen`, `odds_nineteen`, `odds_twenty`, `min_bets_money`, `max_bets_money`, `status`, `documentary_status`, `sort`, `update_time`, `create_time`) VALUES (33784, 128, 18210, '1810', '18101', '1810110', '蓝球区', '53', '44', 99, 88, 77, 66, 55, 44, 33, 22, 11, 0, 0, 0, 0, 0, 0, 0, 0, 0, 0, 0, 1, 99999999.000, 1, 0, 1, '2021-05-07 15:00:00', '2021-05-07 15:00:00');
INSERT INTO `lottery_play_class_group_attribute`(`id`, `lottery_id`, `play_class_group_attribute_id`, `play_tag`, `play_class_tag`, `group_tag`, `group_name`, `attribute_tag`, `attribute_name`, `odds`, `odds_two`, `odds_three`, `odds_four`, `odds_five`, `odds_six`, `odds_seven`, `odds_eight`, `odds_nine`, `odds_ten`, `odds_eleven`, `odds_twelve`, `odds_thirteen`, `odds_fourteen`, `odds_fifteen`, `odds_sixteen`, `odds_seventeen`, `odds_eighteen`, `odds_nineteen`, `odds_twenty`, `min_bets_money`, `max_bets_money`, `status`, `documentary_status`, `sort`, `update_time`, `create_time`) VALUES (33785, 128, 18211, '1810', '18101', '1810110', '蓝球区', '54', '45', 99, 88, 77, 66, 55, 44, 33, 22, 11, 0, 0, 0, 0, 0, 0, 0, 0, 0, 0, 0, 1, 99999999.000, 1, 0, 1, '2021-05-07 15:00:00', '2021-05-07 15:00:00');
INSERT INTO `lottery_play_class_group_attribute`(`id`, `lottery_id`, `play_class_group_attribute_id`, `play_tag`, `play_class_tag`, `group_tag`, `group_name`, `attribute_tag`, `attribute_name`, `odds`, `odds_two`, `odds_three`, `odds_four`, `odds_five`, `odds_six`, `odds_seven`, `odds_eight`, `odds_nine`, `odds_ten`, `odds_eleven`, `odds_twelve`, `odds_thirteen`, `odds_fourteen`, `odds_fifteen`, `odds_sixteen`, `odds_seventeen`, `odds_eighteen`, `odds_nineteen`, `odds_twenty`, `min_bets_money`, `max_bets_money`, `status`, `documentary_status`, `sort`, `update_time`, `create_time`) VALUES (33786, 128, 18212, '1810', '18101', '1810110', '蓝球区', '55', '46', 99, 88, 77, 66, 55, 44, 33, 22, 11, 0, 0, 0, 0, 0, 0, 0, 0, 0, 0, 0, 1, 99999999.000, 1, 0, 1, '2021-05-07 15:00:00', '2021-05-07 15:00:00');
INSERT INTO `lottery_play_class_group_attribute`(`id`, `lottery_id`, `play_class_group_attribute_id`, `play_tag`, `play_class_tag`, `group_tag`, `group_name`, `attribute_tag`, `attribute_name`, `odds`, `odds_two`, `odds_three`, `odds_four`, `odds_five`, `odds_six`, `odds_seven`, `odds_eight`, `odds_nine`, `odds_ten`, `odds_eleven`, `odds_twelve`, `odds_thirteen`, `odds_fourteen`, `odds_fifteen`, `odds_sixteen`, `odds_seventeen`, `odds_eighteen`, `odds_nineteen`, `odds_twenty`, `min_bets_money`, `max_bets_money`, `status`, `documentary_status`, `sort`, `update_time`, `create_time`) VALUES (33787, 128, 18213, '1810', '18101', '1810110', '蓝球区', '56', '47', 99, 88, 77, 66, 55, 44, 33, 22, 11, 0, 0, 0, 0, 0, 0, 0, 0, 0, 0, 0, 1, 99999999.000, 1, 0, 1, '2021-05-07 15:00:00', '2021-05-07 15:00:00');
INSERT INTO `lottery_play_class_group_attribute`(`id`, `lottery_id`, `play_class_group_attribute_id`, `play_tag`, `play_class_tag`, `group_tag`, `group_name`, `attribute_tag`, `attribute_name`, `odds`, `odds_two`, `odds_three`, `odds_four`, `odds_five`, `odds_six`, `odds_seven`, `odds_eight`, `odds_nine`, `odds_ten`, `odds_eleven`, `odds_twelve`, `odds_thirteen`, `odds_fourteen`, `odds_fifteen`, `odds_sixteen`, `odds_seventeen`, `odds_eighteen`, `odds_nineteen`, `odds_twenty`, `min_bets_money`, `max_bets_money`, `status`, `documentary_status`, `sort`, `update_time`, `create_time`) VALUES (33788, 128, 18214, '1810', '18101', '1810110', '蓝球区', '57', '48', 99, 88, 77, 66, 55, 44, 33, 22, 11, 0, 0, 0, 0, 0, 0, 0, 0, 0, 0, 0, 1, 99999999.000, 1, 0, 1, '2021-05-07 15:00:00', '2021-05-07 15:00:00');
INSERT INTO `lottery_play_class_group_attribute`(`id`, `lottery_id`, `play_class_group_attribute_id`, `play_tag`, `play_class_tag`, `group_tag`, `group_name`, `attribute_tag`, `attribute_name`, `odds`, `odds_two`, `odds_three`, `odds_four`, `odds_five`, `odds_six`, `odds_seven`, `odds_eight`, `odds_nine`, `odds_ten`, `odds_eleven`, `odds_twelve`, `odds_thirteen`, `odds_fourteen`, `odds_fifteen`, `odds_sixteen`, `odds_seventeen`, `odds_eighteen`, `odds_nineteen`, `odds_twenty`, `min_bets_money`, `max_bets_money`, `status`, `documentary_status`, `sort`, `update_time`, `create_time`) VALUES (33789, 128, 18215, '1810', '18101', '1810110', '蓝球区', '58', '49', 99, 88, 77, 66, 55, 44, 33, 22, 11, 0, 0, 0, 0, 0, 0, 0, 0, 0, 0, 0, 1, 99999999.000, 1, 0, 1, '2021-05-07 15:00:00', '2021-05-07 15:00:00');
INSERT INTO `lottery_play_class_group_attribute`(`id`, `lottery_id`, `play_class_group_attribute_id`, `play_tag`, `play_class_tag`, `group_tag`, `group_name`, `attribute_tag`, `attribute_name`, `odds`, `odds_two`, `odds_three`, `odds_four`, `odds_five`, `odds_six`, `odds_seven`, `odds_eight`, `odds_nine`, `odds_ten`, `odds_eleven`, `odds_twelve`, `odds_thirteen`, `odds_fourteen`, `odds_fifteen`, `odds_sixteen`, `odds_seventeen`, `odds_eighteen`, `odds_nineteen`, `odds_twenty`, `min_bets_money`, `max_bets_money`, `status`, `documentary_status`, `sort`, `update_time`, `create_time`) VALUES (33790, 128, 18216, '1810', '18101', '1810110', '蓝球区', '59', '50', 99, 88, 77, 66, 55, 44, 33, 22, 11, 0, 0, 0, 0, 0, 0, 0, 0, 0, 0, 0, 1, 99999999.000, 1, 0, 1, '2021-05-07 15:00:00', '2021-05-07 15:00:00');
INSERT INTO `lottery_play_class_group_attribute`(`id`, `lottery_id`, `play_class_group_attribute_id`, `play_tag`, `play_class_tag`, `group_tag`, `group_name`, `attribute_tag`, `attribute_name`, `odds`, `odds_two`, `odds_three`, `odds_four`, `odds_five`, `odds_six`, `odds_seven`, `odds_eight`, `odds_nine`, `odds_ten`, `odds_eleven`, `odds_twelve`, `odds_thirteen`, `odds_fourteen`, `odds_fifteen`, `odds_sixteen`, `odds_seventeen`, `odds_eighteen`, `odds_nineteen`, `odds_twenty`, `min_bets_money`, `max_bets_money`, `status`, `documentary_status`, `sort`, `update_time`, `create_time`) VALUES (33791, 128, 18217, '1810', '18101', '1810110', '蓝球区', '60', '51', 99, 88, 77, 66, 55, 44, 33, 22, 11, 0, 0, 0, 0, 0, 0, 0, 0, 0, 0, 0, 1, 99999999.000, 1, 0, 1, '2021-05-07 15:00:00', '2021-05-07 15:00:00');
INSERT INTO `lottery_play_class_group_attribute`(`id`, `lottery_id`, `play_class_group_attribute_id`, `play_tag`, `play_class_tag`, `group_tag`, `group_name`, `attribute_tag`, `attribute_name`, `odds`, `odds_two`, `odds_three`, `odds_four`, `odds_five`, `odds_six`, `odds_seven`, `odds_eight`, `odds_nine`, `odds_ten`, `odds_eleven`, `odds_twelve`, `odds_thirteen`, `odds_fourteen`, `odds_fifteen`, `odds_sixteen`, `odds_seventeen`, `odds_eighteen`, `odds_nineteen`, `odds_twenty`, `min_bets_money`, `max_bets_money`, `status`, `documentary_status`, `sort`, `update_time`, `create_time`) VALUES (33792, 128, 18218, '1810', '18101', '1810110', '蓝球区', '61', '52', 99, 88, 77, 66, 55, 44, 33, 22, 11, 0, 0, 0, 0, 0, 0, 0, 0, 0, 0, 0, 1, 99999999.000, 1, 0, 1, '2021-05-07 15:00:00', '2021-05-07 15:00:00');
INSERT INTO `lottery_play_class_group_attribute`(`id`, `lottery_id`, `play_class_group_attribute_id`, `play_tag`, `play_class_tag`, `group_tag`, `group_name`, `attribute_tag`, `attribute_name`, `odds`, `odds_two`, `odds_three`, `odds_four`, `odds_five`, `odds_six`, `odds_seven`, `odds_eight`, `odds_nine`, `odds_ten`, `odds_eleven`, `odds_twelve`, `odds_thirteen`, `odds_fourteen`, `odds_fifteen`, `odds_sixteen`, `odds_seventeen`, `odds_eighteen`, `odds_nineteen`, `odds_twenty`, `min_bets_money`, `max_bets_money`, `status`, `documentary_status`, `sort`, `update_time`, `create_time`) VALUES (33793, 128, 18219, '1810', '18101', '1810110', '蓝球区', '62', '53', 99, 88, 77, 66, 55, 44, 33, 22, 11, 0, 0, 0, 0, 0, 0, 0, 0, 0, 0, 0, 1, 99999999.000, 1, 0, 1, '2021-05-07 15:00:00', '2021-05-07 15:00:00');
INSERT INTO `lottery_play_class_group_attribute`(`id`, `lottery_id`, `play_class_group_attribute_id`, `play_tag`, `play_class_tag`, `group_tag`, `group_name`, `attribute_tag`, `attribute_name`, `odds`, `odds_two`, `odds_three`, `odds_four`, `odds_five`, `odds_six`, `odds_seven`, `odds_eight`, `odds_nine`, `odds_ten`, `odds_eleven`, `odds_twelve`, `odds_thirteen`, `odds_fourteen`, `odds_fifteen`, `odds_sixteen`, `odds_seventeen`, `odds_eighteen`, `odds_nineteen`, `odds_twenty`, `min_bets_money`, `max_bets_money`, `status`, `documentary_status`, `sort`, `update_time`, `create_time`) VALUES (33794, 128, 18220, '1810', '18101', '1810110', '蓝球区', '63', '54', 99, 88, 77, 66, 55, 44, 33, 22, 11, 0, 0, 0, 0, 0, 0, 0, 0, 0, 0, 0, 1, 99999999.000, 1, 0, 1, '2021-05-07 15:00:00', '2021-05-07 15:00:00');
INSERT INTO `lottery_play_class_group_attribute`(`id`, `lottery_id`, `play_class_group_attribute_id`, `play_tag`, `play_class_tag`, `group_tag`, `group_name`, `attribute_tag`, `attribute_name`, `odds`, `odds_two`, `odds_three`, `odds_four`, `odds_five`, `odds_six`, `odds_seven`, `odds_eight`, `odds_nine`, `odds_ten`, `odds_eleven`, `odds_twelve`, `odds_thirteen`, `odds_fourteen`, `odds_fifteen`, `odds_sixteen`, `odds_seventeen`, `odds_eighteen`, `odds_nineteen`, `odds_twenty`, `min_bets_money`, `max_bets_money`, `status`, `documentary_status`, `sort`, `update_time`, `create_time`) VALUES (33795, 128, 18221, '1810', '18101', '1810110', '蓝球区', '64', '55', 99, 88, 77, 66, 55, 44, 33, 22, 11, 0, 0, 0, 0, 0, 0, 0, 0, 0, 0, 0, 1, 99999999.000, 1, 0, 1, '2021-05-07 15:00:00', '2021-05-07 15:00:00');
INSERT INTO `lottery_play_class_group_attribute`(`id`, `lottery_id`, `play_class_group_attribute_id`, `play_tag`, `play_class_tag`, `group_tag`, `group_name`, `attribute_tag`, `attribute_name`, `odds`, `odds_two`, `odds_three`, `odds_four`, `odds_five`, `odds_six`, `odds_seven`, `odds_eight`, `odds_nine`, `odds_ten`, `odds_eleven`, `odds_twelve`, `odds_thirteen`, `odds_fourteen`, `odds_fifteen`, `odds_sixteen`, `odds_seventeen`, `odds_eighteen`, `odds_nineteen`, `odds_twenty`, `min_bets_money`, `max_bets_money`, `status`, `documentary_status`, `sort`, `update_time`, `create_time`) VALUES (33796, 128, 18222, '1810', '18101', '1810110', '蓝球区', '65', '56', 99, 88, 77, 66, 55, 44, 33, 22, 11, 0, 0, 0, 0, 0, 0, 0, 0, 0, 0, 0, 1, 99999999.000, 1, 0, 1, '2021-05-07 15:00:00', '2021-05-07 15:00:00');
INSERT INTO `lottery_play_class_group_attribute`(`id`, `lottery_id`, `play_class_group_attribute_id`, `play_tag`, `play_class_tag`, `group_tag`, `group_name`, `attribute_tag`, `attribute_name`, `odds`, `odds_two`, `odds_three`, `odds_four`, `odds_five`, `odds_six`, `odds_seven`, `odds_eight`, `odds_nine`, `odds_ten`, `odds_eleven`, `odds_twelve`, `odds_thirteen`, `odds_fourteen`, `odds_fifteen`, `odds_sixteen`, `odds_seventeen`, `odds_eighteen`, `odds_nineteen`, `odds_twenty`, `min_bets_money`, `max_bets_money`, `status`, `documentary_status`, `sort`, `update_time`, `create_time`) VALUES (33797, 128, 18223, '1810', '18101', '1810110', '蓝球区', '66', '57', 99, 88, 77, 66, 55, 44, 33, 22, 11, 0, 0, 0, 0, 0, 0, 0, 0, 0, 0, 0, 1, 99999999.000, 1, 0, 1, '2021-05-07 15:00:00', '2021-05-07 15:00:00');
INSERT INTO `lottery_play_class_group_attribute`(`id`, `lottery_id`, `play_class_group_attribute_id`, `play_tag`, `play_class_tag`, `group_tag`, `group_name`, `attribute_tag`, `attribute_name`, `odds`, `odds_two`, `odds_three`, `odds_four`, `odds_five`, `odds_six`, `odds_seven`, `odds_eight`, `odds_nine`, `odds_ten`, `odds_eleven`, `odds_twelve`, `odds_thirteen`, `odds_fourteen`, `odds_fifteen`, `odds_sixteen`, `odds_seventeen`, `odds_eighteen`, `odds_nineteen`, `odds_twenty`, `min_bets_money`, `max_bets_money`, `status`, `documentary_status`, `sort`, `update_time`, `create_time`) VALUES (33798, 128, 18224, '1810', '18101', '1810110', '蓝球区', '67', '58', 99, 88, 77, 66, 55, 44, 33, 22, 11, 0, 0, 0, 0, 0, 0, 0, 0, 0, 0, 0, 1, 99999999.000, 1, 0, 1, '2021-05-07 15:00:00', '2021-05-07 15:00:00');
INSERT INTO `lottery_play_class_group_attribute`(`id`, `lottery_id`, `play_class_group_attribute_id`, `play_tag`, `play_class_tag`, `group_tag`, `group_name`, `attribute_tag`, `attribute_name`, `odds`, `odds_two`, `odds_three`, `odds_four`, `odds_five`, `odds_six`, `odds_seven`, `odds_eight`, `odds_nine`, `odds_ten`, `odds_eleven`, `odds_twelve`, `odds_thirteen`, `odds_fourteen`, `odds_fifteen`, `odds_sixteen`, `odds_seventeen`, `odds_eighteen`, `odds_nineteen`, `odds_twenty`, `min_bets_money`, `max_bets_money`, `status`, `documentary_status`, `sort`, `update_time`, `create_time`) VALUES (33799, 128, 18225, '1810', '18101', '1810110', '蓝球区', '68', '59', 99, 88, 77, 66, 55, 44, 33, 22, 11, 0, 0, 0, 0, 0, 0, 0, 0, 0, 0, 0, 1, 99999999.000, 1, 0, 1, '2021-05-07 15:00:00', '2021-05-07 15:00:00');
INSERT INTO `lottery_play_class_group_attribute`(`id`, `lottery_id`, `play_class_group_attribute_id`, `play_tag`, `play_class_tag`, `group_tag`, `group_name`, `attribute_tag`, `attribute_name`, `odds`, `odds_two`, `odds_three`, `odds_four`, `odds_five`, `odds_six`, `odds_seven`, `odds_eight`, `odds_nine`, `odds_ten`, `odds_eleven`, `odds_twelve`, `odds_thirteen`, `odds_fourteen`, `odds_fifteen`, `odds_sixteen`, `odds_seventeen`, `odds_eighteen`, `odds_nineteen`, `odds_twenty`, `min_bets_money`, `max_bets_money`, `status`, `documentary_status`, `sort`, `update_time`, `create_time`) VALUES (33800, 128, 18226, '1810', '18101', '1810110', '蓝球区', '69', '60', 99, 88, 77, 66, 55, 44, 33, 22, 11, 0, 0, 0, 0, 0, 0, 0, 0, 0, 0, 0, 1, 99999999.000, 1, 0, 1, '2021-05-07 15:00:00', '2021-05-07 15:00:00');
INSERT INTO `lottery_play_class_group_attribute`(`id`, `lottery_id`, `play_class_group_attribute_id`, `play_tag`, `play_class_tag`, `group_tag`, `group_name`, `attribute_tag`, `attribute_name`, `odds`, `odds_two`, `odds_three`, `odds_four`, `odds_five`, `odds_six`, `odds_seven`, `odds_eight`, `odds_nine`, `odds_ten`, `odds_eleven`, `odds_twelve`, `odds_thirteen`, `odds_fourteen`, `odds_fifteen`, `odds_sixteen`, `odds_seventeen`, `odds_eighteen`, `odds_nineteen`, `odds_twenty`, `min_bets_money`, `max_bets_money`, `status`, `documentary_status`, `sort`, `update_time`, `create_time`) VALUES (33801, 128, 18227, '1810', '18101', '1810110', '蓝球区', '70', '61', 99, 88, 77, 66, 55, 44, 33, 22, 11, 0, 0, 0, 0, 0, 0, 0, 0, 0, 0, 0, 1, 99999999.000, 1, 0, 1, '2021-05-07 15:00:00', '2021-05-07 15:00:00');
INSERT INTO `lottery_play_class_group_attribute`(`id`, `lottery_id`, `play_class_group_attribute_id`, `play_tag`, `play_class_tag`, `group_tag`, `group_name`, `attribute_tag`, `attribute_name`, `odds`, `odds_two`, `odds_three`, `odds_four`, `odds_five`, `odds_six`, `odds_seven`, `odds_eight`, `odds_nine`, `odds_ten`, `odds_eleven`, `odds_twelve`, `odds_thirteen`, `odds_fourteen`, `odds_fifteen`, `odds_sixteen`, `odds_seventeen`, `odds_eighteen`, `odds_nineteen`, `odds_twenty`, `min_bets_money`, `max_bets_money`, `status`, `documentary_status`, `sort`, `update_time`, `create_time`) VALUES (33802, 128, 18228, '1810', '18101', '1810110', '蓝球区', '71', '62', 99, 88, 77, 66, 55, 44, 33, 22, 11, 0, 0, 0, 0, 0, 0, 0, 0, 0, 0, 0, 1, 99999999.000, 1, 0, 1, '2021-05-07 15:00:00', '2021-05-07 15:00:00');
INSERT INTO `lottery_play_class_group_attribute`(`id`, `lottery_id`, `play_class_group_attribute_id`, `play_tag`, `play_class_tag`, `group_tag`, `group_name`, `attribute_tag`, `attribute_name`, `odds`, `odds_two`, `odds_three`, `odds_four`, `odds_five`, `odds_six`, `odds_seven`, `odds_eight`, `odds_nine`, `odds_ten`, `odds_eleven`, `odds_twelve`, `odds_thirteen`, `odds_fourteen`, `odds_fifteen`, `odds_sixteen`, `odds_seventeen`, `odds_eighteen`, `odds_nineteen`, `odds_twenty`, `min_bets_money`, `max_bets_money`, `status`, `documentary_status`, `sort`, `update_time`, `create_time`) VALUES (33803, 128, 18229, '1810', '18101', '1810110', '蓝球区', '72', '63', 99, 88, 77, 66, 55, 44, 33, 22, 11, 0, 0, 0, 0, 0, 0, 0, 0, 0, 0, 0, 1, 99999999.000, 1, 0, 1, '2021-05-07 15:00:00', '2021-05-07 15:00:00');
INSERT INTO `lottery_play_class_group_attribute`(`id`, `lottery_id`, `play_class_group_attribute_id`, `play_tag`, `play_class_tag`, `group_tag`, `group_name`, `attribute_tag`, `attribute_name`, `odds`, `odds_two`, `odds_three`, `odds_four`, `odds_five`, `odds_six`, `odds_seven`, `odds_eight`, `odds_nine`, `odds_ten`, `odds_eleven`, `odds_twelve`, `odds_thirteen`, `odds_fourteen`, `odds_fifteen`, `odds_sixteen`, `odds_seventeen`, `odds_eighteen`, `odds_nineteen`, `odds_twenty`, `min_bets_money`, `max_bets_money`, `status`, `documentary_status`, `sort`, `update_time`, `create_time`) VALUES (33804, 128, 18230, '1810', '18101', '1810110', '蓝球区', '73', '64', 99, 88, 77, 66, 55, 44, 33, 22, 11, 0, 0, 0, 0, 0, 0, 0, 0, 0, 0, 0, 1, 99999999.000, 1, 0, 1, '2021-05-07 15:00:00', '2021-05-07 15:00:00');
INSERT INTO `lottery_play_class_group_attribute`(`id`, `lottery_id`, `play_class_group_attribute_id`, `play_tag`, `play_class_tag`, `group_tag`, `group_name`, `attribute_tag`, `attribute_name`, `odds`, `odds_two`, `odds_three`, `odds_four`, `odds_five`, `odds_six`, `odds_seven`, `odds_eight`, `odds_nine`, `odds_ten`, `odds_eleven`, `odds_twelve`, `odds_thirteen`, `odds_fourteen`, `odds_fifteen`, `odds_sixteen`, `odds_seventeen`, `odds_eighteen`, `odds_nineteen`, `odds_twenty`, `min_bets_money`, `max_bets_money`, `status`, `documentary_status`, `sort`, `update_time`, `create_time`) VALUES (33805, 128, 18231, '1810', '18101', '1810110', '蓝球区', '74', '65', 99, 88, 77, 66, 55, 44, 33, 22, 11, 0, 0, 0, 0, 0, 0, 0, 0, 0, 0, 0, 1, 99999999.000, 1, 0, 1, '2021-05-07 15:00:00', '2021-05-07 15:00:00');
INSERT INTO `lottery_play_class_group_attribute`(`id`, `lottery_id`, `play_class_group_attribute_id`, `play_tag`, `play_class_tag`, `group_tag`, `group_name`, `attribute_tag`, `attribute_name`, `odds`, `odds_two`, `odds_three`, `odds_four`, `odds_five`, `odds_six`, `odds_seven`, `odds_eight`, `odds_nine`, `odds_ten`, `odds_eleven`, `odds_twelve`, `odds_thirteen`, `odds_fourteen`, `odds_fifteen`, `odds_sixteen`, `odds_seventeen`, `odds_eighteen`, `odds_nineteen`, `odds_twenty`, `min_bets_money`, `max_bets_money`, `status`, `documentary_status`, `sort`, `update_time`, `create_time`) VALUES (33806, 128, 18232, '1810', '18101', '1810110', '蓝球区', '75', '66', 99, 88, 77, 66, 55, 44, 33, 22, 11, 0, 0, 0, 0, 0, 0, 0, 0, 0, 0, 0, 1, 99999999.000, 1, 0, 1, '2021-05-07 15:00:00', '2021-05-07 15:00:00');
INSERT INTO `lottery_play_class_group_attribute`(`id`, `lottery_id`, `play_class_group_attribute_id`, `play_tag`, `play_class_tag`, `group_tag`, `group_name`, `attribute_tag`, `attribute_name`, `odds`, `odds_two`, `odds_three`, `odds_four`, `odds_five`, `odds_six`, `odds_seven`, `odds_eight`, `odds_nine`, `odds_ten`, `odds_eleven`, `odds_twelve`, `odds_thirteen`, `odds_fourteen`, `odds_fifteen`, `odds_sixteen`, `odds_seventeen`, `odds_eighteen`, `odds_nineteen`, `odds_twenty`, `min_bets_money`, `max_bets_money`, `status`, `documentary_status`, `sort`, `update_time`, `create_time`) VALUES (33807, 128, 18233, '1810', '18101', '1810110', '蓝球区', '76', '67', 99, 88, 77, 66, 55, 44, 33, 22, 11, 0, 0, 0, 0, 0, 0, 0, 0, 0, 0, 0, 1, 99999999.000, 1, 0, 1, '2021-05-07 15:00:00', '2021-05-07 15:00:00');
INSERT INTO `lottery_play_class_group_attribute`(`id`, `lottery_id`, `play_class_group_attribute_id`, `play_tag`, `play_class_tag`, `group_tag`, `group_name`, `attribute_tag`, `attribute_name`, `odds`, `odds_two`, `odds_three`, `odds_four`, `odds_five`, `odds_six`, `odds_seven`, `odds_eight`, `odds_nine`, `odds_ten`, `odds_eleven`, `odds_twelve`, `odds_thirteen`, `odds_fourteen`, `odds_fifteen`, `odds_sixteen`, `odds_seventeen`, `odds_eighteen`, `odds_nineteen`, `odds_twenty`, `min_bets_money`, `max_bets_money`, `status`, `documentary_status`, `sort`, `update_time`, `create_time`) VALUES (33808, 128, 18234, '1810', '18101', '1810110', '蓝球区', '77', '68', 99, 88, 77, 66, 55, 44, 33, 22, 11, 0, 0, 0, 0, 0, 0, 0, 0, 0, 0, 0, 1, 99999999.000, 1, 0, 1, '2021-05-07 15:00:00', '2021-05-07 15:00:00');
INSERT INTO `lottery_play_class_group_attribute`(`id`, `lottery_id`, `play_class_group_attribute_id`, `play_tag`, `play_class_tag`, `group_tag`, `group_name`, `attribute_tag`, `attribute_name`, `odds`, `odds_two`, `odds_three`, `odds_four`, `odds_five`, `odds_six`, `odds_seven`, `odds_eight`, `odds_nine`, `odds_ten`, `odds_eleven`, `odds_twelve`, `odds_thirteen`, `odds_fourteen`, `odds_fifteen`, `odds_sixteen`, `odds_seventeen`, `odds_eighteen`, `odds_nineteen`, `odds_twenty`, `min_bets_money`, `max_bets_money`, `status`, `documentary_status`, `sort`, `update_time`, `create_time`) VALUES (33809, 128, 18235, '1810', '18101', '1810110', '蓝球区', '78', '69', 99, 88, 77, 66, 55, 44, 33, 22, 11, 0, 0, 0, 0, 0, 0, 0, 0, 0, 0, 0, 1, 99999999.000, 1, 0, 1, '2021-05-07 15:00:00', '2021-05-07 15:00:00');
INSERT INTO `lottery_play_class_group_attribute`(`id`, `lottery_id`, `play_class_group_attribute_id`, `play_tag`, `play_class_tag`, `group_tag`, `group_name`, `attribute_tag`, `attribute_name`, `odds`, `odds_two`, `odds_three`, `odds_four`, `odds_five`, `odds_six`, `odds_seven`, `odds_eight`, `odds_nine`, `odds_ten`, `odds_eleven`, `odds_twelve`, `odds_thirteen`, `odds_fourteen`, `odds_fifteen`, `odds_sixteen`, `odds_seventeen`, `odds_eighteen`, `odds_nineteen`, `odds_twenty`, `min_bets_money`, `max_bets_money`, `status`, `documentary_status`, `sort`, `update_time`, `create_time`) VALUES (33810, 128, 18236, '1810', '18101', '1810110', '蓝球区', '79', '70', 99, 88, 77, 66, 55, 44, 33, 22, 11, 0, 0, 0, 0, 0, 0, 0, 0, 0, 0, 0, 1, 99999999.000, 1, 0, 1, '2021-05-07 15:00:00', '2021-05-07 15:00:00');
INSERT INTO `lottery_play_class_group_attribute`(`id`, `lottery_id`, `play_class_group_attribute_id`, `play_tag`, `play_class_tag`, `group_tag`, `group_name`, `attribute_tag`, `attribute_name`, `odds`, `odds_two`, `odds_three`, `odds_four`, `odds_five`, `odds_six`, `odds_seven`, `odds_eight`, `odds_nine`, `odds_ten`, `odds_eleven`, `odds_twelve`, `odds_thirteen`, `odds_fourteen`, `odds_fifteen`, `odds_sixteen`, `odds_seventeen`, `odds_eighteen`, `odds_nineteen`, `odds_twenty`, `min_bets_money`, `max_bets_money`, `status`, `documentary_status`, `sort`, `update_time`, `create_time`) VALUES (33811, 128, 18237, '1810', '18101', '1810111', '红球区', '10', '1', 99, 88, 77, 66, 55, 44, 33, 22, 11, 0, 0, 0, 0, 0, 0, 0, 0, 0, 0, 0, 1, 99999999.000, 1, 0, 1, '2021-05-07 15:00:00', '2021-05-07 15:00:00');
INSERT INTO `lottery_play_class_group_attribute`(`id`, `lottery_id`, `play_class_group_attribute_id`, `play_tag`, `play_class_tag`, `group_tag`, `group_name`, `attribute_tag`, `attribute_name`, `odds`, `odds_two`, `odds_three`, `odds_four`, `odds_five`, `odds_six`, `odds_seven`, `odds_eight`, `odds_nine`, `odds_ten`, `odds_eleven`, `odds_twelve`, `odds_thirteen`, `odds_fourteen`, `odds_fifteen`, `odds_sixteen`, `odds_seventeen`, `odds_eighteen`, `odds_nineteen`, `odds_twenty`, `min_bets_money`, `max_bets_money`, `status`, `documentary_status`, `sort`, `update_time`, `create_time`) VALUES (33812, 128, 18238, '1810', '18101', '1810111', '红球区', '11', '2', 99, 88, 77, 66, 55, 44, 33, 22, 11, 0, 0, 0, 0, 0, 0, 0, 0, 0, 0, 0, 1, 99999999.000, 1, 0, 1, '2021-05-07 15:00:00', '2021-05-07 15:00:00');
INSERT INTO `lottery_play_class_group_attribute`(`id`, `lottery_id`, `play_class_group_attribute_id`, `play_tag`, `play_class_tag`, `group_tag`, `group_name`, `attribute_tag`, `attribute_name`, `odds`, `odds_two`, `odds_three`, `odds_four`, `odds_five`, `odds_six`, `odds_seven`, `odds_eight`, `odds_nine`, `odds_ten`, `odds_eleven`, `odds_twelve`, `odds_thirteen`, `odds_fourteen`, `odds_fifteen`, `odds_sixteen`, `odds_seventeen`, `odds_eighteen`, `odds_nineteen`, `odds_twenty`, `min_bets_money`, `max_bets_money`, `status`, `documentary_status`, `sort`, `update_time`, `create_time`) VALUES (33813, 128, 18239, '1810', '18101', '1810111', '红球区', '12', '3', 99, 88, 77, 66, 55, 44, 33, 22, 11, 0, 0, 0, 0, 0, 0, 0, 0, 0, 0, 0, 1, 99999999.000, 1, 0, 1, '2021-05-07 15:00:00', '2021-05-07 15:00:00');
INSERT INTO `lottery_play_class_group_attribute`(`id`, `lottery_id`, `play_class_group_attribute_id`, `play_tag`, `play_class_tag`, `group_tag`, `group_name`, `attribute_tag`, `attribute_name`, `odds`, `odds_two`, `odds_three`, `odds_four`, `odds_five`, `odds_six`, `odds_seven`, `odds_eight`, `odds_nine`, `odds_ten`, `odds_eleven`, `odds_twelve`, `odds_thirteen`, `odds_fourteen`, `odds_fifteen`, `odds_sixteen`, `odds_seventeen`, `odds_eighteen`, `odds_nineteen`, `odds_twenty`, `min_bets_money`, `max_bets_money`, `status`, `documentary_status`, `sort`, `update_time`, `create_time`) VALUES (33814, 128, 18240, '1810', '18101', '1810111', '红球区', '13', '4', 99, 88, 77, 66, 55, 44, 33, 22, 11, 0, 0, 0, 0, 0, 0, 0, 0, 0, 0, 0, 1, 99999999.000, 1, 0, 1, '2021-05-07 15:00:00', '2021-05-07 15:00:00');
INSERT INTO `lottery_play_class_group_attribute`(`id`, `lottery_id`, `play_class_group_attribute_id`, `play_tag`, `play_class_tag`, `group_tag`, `group_name`, `attribute_tag`, `attribute_name`, `odds`, `odds_two`, `odds_three`, `odds_four`, `odds_five`, `odds_six`, `odds_seven`, `odds_eight`, `odds_nine`, `odds_ten`, `odds_eleven`, `odds_twelve`, `odds_thirteen`, `odds_fourteen`, `odds_fifteen`, `odds_sixteen`, `odds_seventeen`, `odds_eighteen`, `odds_nineteen`, `odds_twenty`, `min_bets_money`, `max_bets_money`, `status`, `documentary_status`, `sort`, `update_time`, `create_time`) VALUES (33815, 128, 18241, '1810', '18101', '1810111', '红球区', '14', '5', 99, 88, 77, 66, 55, 44, 33, 22, 11, 0, 0, 0, 0, 0, 0, 0, 0, 0, 0, 0, 1, 99999999.000, 1, 0, 1, '2021-05-07 15:00:00', '2021-05-07 15:00:00');
INSERT INTO `lottery_play_class_group_attribute`(`id`, `lottery_id`, `play_class_group_attribute_id`, `play_tag`, `play_class_tag`, `group_tag`, `group_name`, `attribute_tag`, `attribute_name`, `odds`, `odds_two`, `odds_three`, `odds_four`, `odds_five`, `odds_six`, `odds_seven`, `odds_eight`, `odds_nine`, `odds_ten`, `odds_eleven`, `odds_twelve`, `odds_thirteen`, `odds_fourteen`, `odds_fifteen`, `odds_sixteen`, `odds_seventeen`, `odds_eighteen`, `odds_nineteen`, `odds_twenty`, `min_bets_money`, `max_bets_money`, `status`, `documentary_status`, `sort`, `update_time`, `create_time`) VALUES (33816, 128, 18242, '1810', '18101', '1810111', '红球区', '15', '6', 99, 88, 77, 66, 55, 44, 33, 22, 11, 0, 0, 0, 0, 0, 0, 0, 0, 0, 0, 0, 1, 99999999.000, 1, 0, 1, '2021-05-07 15:00:00', '2021-05-07 15:00:00');
INSERT INTO `lottery_play_class_group_attribute`(`id`, `lottery_id`, `play_class_group_attribute_id`, `play_tag`, `play_class_tag`, `group_tag`, `group_name`, `attribute_tag`, `attribute_name`, `odds`, `odds_two`, `odds_three`, `odds_four`, `odds_five`, `odds_six`, `odds_seven`, `odds_eight`, `odds_nine`, `odds_ten`, `odds_eleven`, `odds_twelve`, `odds_thirteen`, `odds_fourteen`, `odds_fifteen`, `odds_sixteen`, `odds_seventeen`, `odds_eighteen`, `odds_nineteen`, `odds_twenty`, `min_bets_money`, `max_bets_money`, `status`, `documentary_status`, `sort`, `update_time`, `create_time`) VALUES (33817, 128, 18243, '1810', '18101', '1810111', '红球区', '16', '7', 99, 88, 77, 66, 55, 44, 33, 22, 11, 0, 0, 0, 0, 0, 0, 0, 0, 0, 0, 0, 1, 99999999.000, 1, 0, 1, '2021-05-07 15:00:00', '2021-05-07 15:00:00');
INSERT INTO `lottery_play_class_group_attribute`(`id`, `lottery_id`, `play_class_group_attribute_id`, `play_tag`, `play_class_tag`, `group_tag`, `group_name`, `attribute_tag`, `attribute_name`, `odds`, `odds_two`, `odds_three`, `odds_four`, `odds_five`, `odds_six`, `odds_seven`, `odds_eight`, `odds_nine`, `odds_ten`, `odds_eleven`, `odds_twelve`, `odds_thirteen`, `odds_fourteen`, `odds_fifteen`, `odds_sixteen`, `odds_seventeen`, `odds_eighteen`, `odds_nineteen`, `odds_twenty`, `min_bets_money`, `max_bets_money`, `status`, `documentary_status`, `sort`, `update_time`, `create_time`) VALUES (33818, 128, 18244, '1810', '18101', '1810111', '红球区', '17', '8', 99, 88, 77, 66, 55, 44, 33, 22, 11, 0, 0, 0, 0, 0, 0, 0, 0, 0, 0, 0, 1, 99999999.000, 1, 0, 1, '2021-05-07 15:00:00', '2021-05-07 15:00:00');
INSERT INTO `lottery_play_class_group_attribute`(`id`, `lottery_id`, `play_class_group_attribute_id`, `play_tag`, `play_class_tag`, `group_tag`, `group_name`, `attribute_tag`, `attribute_name`, `odds`, `odds_two`, `odds_three`, `odds_four`, `odds_five`, `odds_six`, `odds_seven`, `odds_eight`, `odds_nine`, `odds_ten`, `odds_eleven`, `odds_twelve`, `odds_thirteen`, `odds_fourteen`, `odds_fifteen`, `odds_sixteen`, `odds_seventeen`, `odds_eighteen`, `odds_nineteen`, `odds_twenty`, `min_bets_money`, `max_bets_money`, `status`, `documentary_status`, `sort`, `update_time`, `create_time`) VALUES (33819, 128, 18245, '1810', '18101', '1810111', '红球区', '18', '9', 99, 88, 77, 66, 55, 44, 33, 22, 11, 0, 0, 0, 0, 0, 0, 0, 0, 0, 0, 0, 1, 99999999.000, 1, 0, 1, '2021-05-07 15:00:00', '2021-05-07 15:00:00');
INSERT INTO `lottery_play_class_group_attribute`(`id`, `lottery_id`, `play_class_group_attribute_id`, `play_tag`, `play_class_tag`, `group_tag`, `group_name`, `attribute_tag`, `attribute_name`, `odds`, `odds_two`, `odds_three`, `odds_four`, `odds_five`, `odds_six`, `odds_seven`, `odds_eight`, `odds_nine`, `odds_ten`, `odds_eleven`, `odds_twelve`, `odds_thirteen`, `odds_fourteen`, `odds_fifteen`, `odds_sixteen`, `odds_seventeen`, `odds_eighteen`, `odds_nineteen`, `odds_twenty`, `min_bets_money`, `max_bets_money`, `status`, `documentary_status`, `sort`, `update_time`, `create_time`) VALUES (33820, 128, 18246, '1810', '18101', '1810111', '红球区', '19', '10', 99, 88, 77, 66, 55, 44, 33, 22, 11, 0, 0, 0, 0, 0, 0, 0, 0, 0, 0, 0, 1, 99999999.000, 1, 0, 1, '2021-05-07 15:00:00', '2021-05-07 15:00:00');
INSERT INTO `lottery_play_class_group_attribute`(`id`, `lottery_id`, `play_class_group_attribute_id`, `play_tag`, `play_class_tag`, `group_tag`, `group_name`, `attribute_tag`, `attribute_name`, `odds`, `odds_two`, `odds_three`, `odds_four`, `odds_five`, `odds_six`, `odds_seven`, `odds_eight`, `odds_nine`, `odds_ten`, `odds_eleven`, `odds_twelve`, `odds_thirteen`, `odds_fourteen`, `odds_fifteen`, `odds_sixteen`, `odds_seventeen`, `odds_eighteen`, `odds_nineteen`, `odds_twenty`, `min_bets_money`, `max_bets_money`, `status`, `documentary_status`, `sort`, `update_time`, `create_time`) VALUES (33821, 128, 18247, '1810', '18101', '1810111', '红球区', '20', '11', 99, 88, 77, 66, 55, 44, 33, 22, 11, 0, 0, 0, 0, 0, 0, 0, 0, 0, 0, 0, 1, 99999999.000, 1, 0, 1, '2021-05-07 15:00:00', '2021-05-07 15:00:00');
INSERT INTO `lottery_play_class_group_attribute`(`id`, `lottery_id`, `play_class_group_attribute_id`, `play_tag`, `play_class_tag`, `group_tag`, `group_name`, `attribute_tag`, `attribute_name`, `odds`, `odds_two`, `odds_three`, `odds_four`, `odds_five`, `odds_six`, `odds_seven`, `odds_eight`, `odds_nine`, `odds_ten`, `odds_eleven`, `odds_twelve`, `odds_thirteen`, `odds_fourteen`, `odds_fifteen`, `odds_sixteen`, `odds_seventeen`, `odds_eighteen`, `odds_nineteen`, `odds_twenty`, `min_bets_money`, `max_bets_money`, `status`, `documentary_status`, `sort`, `update_time`, `create_time`) VALUES (33822, 128, 18248, '1810', '18101', '1810111', '红球区', '21', '12', 99, 88, 77, 66, 55, 44, 33, 22, 11, 0, 0, 0, 0, 0, 0, 0, 0, 0, 0, 0, 1, 99999999.000, 1, 0, 1, '2021-05-07 15:00:00', '2021-05-07 15:00:00');
INSERT INTO `lottery_play_class_group_attribute`(`id`, `lottery_id`, `play_class_group_attribute_id`, `play_tag`, `play_class_tag`, `group_tag`, `group_name`, `attribute_tag`, `attribute_name`, `odds`, `odds_two`, `odds_three`, `odds_four`, `odds_five`, `odds_six`, `odds_seven`, `odds_eight`, `odds_nine`, `odds_ten`, `odds_eleven`, `odds_twelve`, `odds_thirteen`, `odds_fourteen`, `odds_fifteen`, `odds_sixteen`, `odds_seventeen`, `odds_eighteen`, `odds_nineteen`, `odds_twenty`, `min_bets_money`, `max_bets_money`, `status`, `documentary_status`, `sort`, `update_time`, `create_time`) VALUES (33823, 128, 18249, '1810', '18101', '1810111', '红球区', '22', '13', 99, 88, 77, 66, 55, 44, 33, 22, 11, 0, 0, 0, 0, 0, 0, 0, 0, 0, 0, 0, 1, 99999999.000, 1, 0, 1, '2021-05-07 15:00:00', '2021-05-07 15:00:00');
INSERT INTO `lottery_play_class_group_attribute`(`id`, `lottery_id`, `play_class_group_attribute_id`, `play_tag`, `play_class_tag`, `group_tag`, `group_name`, `attribute_tag`, `attribute_name`, `odds`, `odds_two`, `odds_three`, `odds_four`, `odds_five`, `odds_six`, `odds_seven`, `odds_eight`, `odds_nine`, `odds_ten`, `odds_eleven`, `odds_twelve`, `odds_thirteen`, `odds_fourteen`, `odds_fifteen`, `odds_sixteen`, `odds_seventeen`, `odds_eighteen`, `odds_nineteen`, `odds_twenty`, `min_bets_money`, `max_bets_money`, `status`, `documentary_status`, `sort`, `update_time`, `create_time`) VALUES (33824, 128, 18250, '1810', '18101', '1810111', '红球区', '23', '14', 99, 88, 77, 66, 55, 44, 33, 22, 11, 0, 0, 0, 0, 0, 0, 0, 0, 0, 0, 0, 1, 99999999.000, 1, 0, 1, '2021-05-07 15:00:00', '2021-05-07 15:00:00');
INSERT INTO `lottery_play_class_group_attribute`(`id`, `lottery_id`, `play_class_group_attribute_id`, `play_tag`, `play_class_tag`, `group_tag`, `group_name`, `attribute_tag`, `attribute_name`, `odds`, `odds_two`, `odds_three`, `odds_four`, `odds_five`, `odds_six`, `odds_seven`, `odds_eight`, `odds_nine`, `odds_ten`, `odds_eleven`, `odds_twelve`, `odds_thirteen`, `odds_fourteen`, `odds_fifteen`, `odds_sixteen`, `odds_seventeen`, `odds_eighteen`, `odds_nineteen`, `odds_twenty`, `min_bets_money`, `max_bets_money`, `status`, `documentary_status`, `sort`, `update_time`, `create_time`) VALUES (33825, 128, 18251, '1810', '18101', '1810111', '红球区', '24', '15', 99, 88, 77, 66, 55, 44, 33, 22, 11, 0, 0, 0, 0, 0, 0, 0, 0, 0, 0, 0, 1, 99999999.000, 1, 0, 1, '2021-05-07 15:00:00', '2021-05-07 15:00:00');
INSERT INTO `lottery_play_class_group_attribute`(`id`, `lottery_id`, `play_class_group_attribute_id`, `play_tag`, `play_class_tag`, `group_tag`, `group_name`, `attribute_tag`, `attribute_name`, `odds`, `odds_two`, `odds_three`, `odds_four`, `odds_five`, `odds_six`, `odds_seven`, `odds_eight`, `odds_nine`, `odds_ten`, `odds_eleven`, `odds_twelve`, `odds_thirteen`, `odds_fourteen`, `odds_fifteen`, `odds_sixteen`, `odds_seventeen`, `odds_eighteen`, `odds_nineteen`, `odds_twenty`, `min_bets_money`, `max_bets_money`, `status`, `documentary_status`, `sort`, `update_time`, `create_time`) VALUES (33826, 128, 18252, '1810', '18101', '1810111', '红球区', '25', '16', 99, 88, 77, 66, 55, 44, 33, 22, 11, 0, 0, 0, 0, 0, 0, 0, 0, 0, 0, 0, 1, 99999999.000, 1, 0, 1, '2021-05-07 15:00:00', '2021-05-07 15:00:00');
INSERT INTO `lottery_play_class_group_attribute`(`id`, `lottery_id`, `play_class_group_attribute_id`, `play_tag`, `play_class_tag`, `group_tag`, `group_name`, `attribute_tag`, `attribute_name`, `odds`, `odds_two`, `odds_three`, `odds_four`, `odds_five`, `odds_six`, `odds_seven`, `odds_eight`, `odds_nine`, `odds_ten`, `odds_eleven`, `odds_twelve`, `odds_thirteen`, `odds_fourteen`, `odds_fifteen`, `odds_sixteen`, `odds_seventeen`, `odds_eighteen`, `odds_nineteen`, `odds_twenty`, `min_bets_money`, `max_bets_money`, `status`, `documentary_status`, `sort`, `update_time`, `create_time`) VALUES (33827, 128, 18253, '1810', '18101', '1810111', '红球区', '26', '17', 99, 88, 77, 66, 55, 44, 33, 22, 11, 0, 0, 0, 0, 0, 0, 0, 0, 0, 0, 0, 1, 99999999.000, 1, 0, 1, '2021-05-07 15:00:00', '2021-05-07 15:00:00');
INSERT INTO `lottery_play_class_group_attribute`(`id`, `lottery_id`, `play_class_group_attribute_id`, `play_tag`, `play_class_tag`, `group_tag`, `group_name`, `attribute_tag`, `attribute_name`, `odds`, `odds_two`, `odds_three`, `odds_four`, `odds_five`, `odds_six`, `odds_seven`, `odds_eight`, `odds_nine`, `odds_ten`, `odds_eleven`, `odds_twelve`, `odds_thirteen`, `odds_fourteen`, `odds_fifteen`, `odds_sixteen`, `odds_seventeen`, `odds_eighteen`, `odds_nineteen`, `odds_twenty`, `min_bets_money`, `max_bets_money`, `status`, `documentary_status`, `sort`, `update_time`, `create_time`) VALUES (33828, 128, 18254, '1810', '18101', '1810111', '红球区', '27', '18', 99, 88, 77, 66, 55, 44, 33, 22, 11, 0, 0, 0, 0, 0, 0, 0, 0, 0, 0, 0, 1, 99999999.000, 1, 0, 1, '2021-05-07 15:00:00', '2021-05-07 15:00:00');
INSERT INTO `lottery_play_class_group_attribute`(`id`, `lottery_id`, `play_class_group_attribute_id`, `play_tag`, `play_class_tag`, `group_tag`, `group_name`, `attribute_tag`, `attribute_name`, `odds`, `odds_two`, `odds_three`, `odds_four`, `odds_five`, `odds_six`, `odds_seven`, `odds_eight`, `odds_nine`, `odds_ten`, `odds_eleven`, `odds_twelve`, `odds_thirteen`, `odds_fourteen`, `odds_fifteen`, `odds_sixteen`, `odds_seventeen`, `odds_eighteen`, `odds_nineteen`, `odds_twenty`, `min_bets_money`, `max_bets_money`, `status`, `documentary_status`, `sort`, `update_time`, `create_time`) VALUES (33829, 128, 18255, '1810', '18101', '1810111', '红球区', '28', '19', 99, 88, 77, 66, 55, 44, 33, 22, 11, 0, 0, 0, 0, 0, 0, 0, 0, 0, 0, 0, 1, 99999999.000, 1, 0, 1, '2021-05-07 15:00:00', '2021-05-07 15:00:00');
INSERT INTO `lottery_play_class_group_attribute`(`id`, `lottery_id`, `play_class_group_attribute_id`, `play_tag`, `play_class_tag`, `group_tag`, `group_name`, `attribute_tag`, `attribute_name`, `odds`, `odds_two`, `odds_three`, `odds_four`, `odds_five`, `odds_six`, `odds_seven`, `odds_eight`, `odds_nine`, `odds_ten`, `odds_eleven`, `odds_twelve`, `odds_thirteen`, `odds_fourteen`, `odds_fifteen`, `odds_sixteen`, `odds_seventeen`, `odds_eighteen`, `odds_nineteen`, `odds_twenty`, `min_bets_money`, `max_bets_money`, `status`, `documentary_status`, `sort`, `update_time`, `create_time`) VALUES (33830, 128, 18256, '1810', '18101', '1810111', '红球区', '29', '20', 99, 88, 77, 66, 55, 44, 33, 22, 11, 0, 0, 0, 0, 0, 0, 0, 0, 0, 0, 0, 1, 99999999.000, 1, 0, 1, '2021-05-07 15:00:00', '2021-05-07 15:00:00');
INSERT INTO `lottery_play_class_group_attribute`(`id`, `lottery_id`, `play_class_group_attribute_id`, `play_tag`, `play_class_tag`, `group_tag`, `group_name`, `attribute_tag`, `attribute_name`, `odds`, `odds_two`, `odds_three`, `odds_four`, `odds_five`, `odds_six`, `odds_seven`, `odds_eight`, `odds_nine`, `odds_ten`, `odds_eleven`, `odds_twelve`, `odds_thirteen`, `odds_fourteen`, `odds_fifteen`, `odds_sixteen`, `odds_seventeen`, `odds_eighteen`, `odds_nineteen`, `odds_twenty`, `min_bets_money`, `max_bets_money`, `status`, `documentary_status`, `sort`, `update_time`, `create_time`) VALUES (33831, 128, 18257, '1810', '18101', '1810111', '红球区', '30', '21', 99, 88, 77, 66, 55, 44, 33, 22, 11, 0, 0, 0, 0, 0, 0, 0, 0, 0, 0, 0, 1, 99999999.000, 1, 0, 1, '2021-05-07 15:00:00', '2021-05-07 15:00:00');
INSERT INTO `lottery_play_class_group_attribute`(`id`, `lottery_id`, `play_class_group_attribute_id`, `play_tag`, `play_class_tag`, `group_tag`, `group_name`, `attribute_tag`, `attribute_name`, `odds`, `odds_two`, `odds_three`, `odds_four`, `odds_five`, `odds_six`, `odds_seven`, `odds_eight`, `odds_nine`, `odds_ten`, `odds_eleven`, `odds_twelve`, `odds_thirteen`, `odds_fourteen`, `odds_fifteen`, `odds_sixteen`, `odds_seventeen`, `odds_eighteen`, `odds_nineteen`, `odds_twenty`, `min_bets_money`, `max_bets_money`, `status`, `documentary_status`, `sort`, `update_time`, `create_time`) VALUES (33832, 128, 18258, '1810', '18101', '1810111', '红球区', '31', '22', 99, 88, 77, 66, 55, 44, 33, 22, 11, 0, 0, 0, 0, 0, 0, 0, 0, 0, 0, 0, 1, 99999999.000, 1, 0, 1, '2021-05-07 15:00:00', '2021-05-07 15:00:00');
INSERT INTO `lottery_play_class_group_attribute`(`id`, `lottery_id`, `play_class_group_attribute_id`, `play_tag`, `play_class_tag`, `group_tag`, `group_name`, `attribute_tag`, `attribute_name`, `odds`, `odds_two`, `odds_three`, `odds_four`, `odds_five`, `odds_six`, `odds_seven`, `odds_eight`, `odds_nine`, `odds_ten`, `odds_eleven`, `odds_twelve`, `odds_thirteen`, `odds_fourteen`, `odds_fifteen`, `odds_sixteen`, `odds_seventeen`, `odds_eighteen`, `odds_nineteen`, `odds_twenty`, `min_bets_money`, `max_bets_money`, `status`, `documentary_status`, `sort`, `update_time`, `create_time`) VALUES (33833, 128, 18259, '1810', '18101', '1810111', '红球区', '32', '23', 99, 88, 77, 66, 55, 44, 33, 22, 11, 0, 0, 0, 0, 0, 0, 0, 0, 0, 0, 0, 1, 99999999.000, 1, 0, 1, '2021-05-07 15:00:00', '2021-05-07 15:00:00');
INSERT INTO `lottery_play_class_group_attribute`(`id`, `lottery_id`, `play_class_group_attribute_id`, `play_tag`, `play_class_tag`, `group_tag`, `group_name`, `attribute_tag`, `attribute_name`, `odds`, `odds_two`, `odds_three`, `odds_four`, `odds_five`, `odds_six`, `odds_seven`, `odds_eight`, `odds_nine`, `odds_ten`, `odds_eleven`, `odds_twelve`, `odds_thirteen`, `odds_fourteen`, `odds_fifteen`, `odds_sixteen`, `odds_seventeen`, `odds_eighteen`, `odds_nineteen`, `odds_twenty`, `min_bets_money`, `max_bets_money`, `status`, `documentary_status`, `sort`, `update_time`, `create_time`) VALUES (33834, 128, 18260, '1810', '18101', '1810111', '红球区', '33', '24', 99, 88, 77, 66, 55, 44, 33, 22, 11, 0, 0, 0, 0, 0, 0, 0, 0, 0, 0, 0, 1, 99999999.000, 1, 0, 1, '2021-05-07 15:00:00', '2021-05-07 15:00:00');
INSERT INTO `lottery_play_class_group_attribute`(`id`, `lottery_id`, `play_class_group_attribute_id`, `play_tag`, `play_class_tag`, `group_tag`, `group_name`, `attribute_tag`, `attribute_name`, `odds`, `odds_two`, `odds_three`, `odds_four`, `odds_five`, `odds_six`, `odds_seven`, `odds_eight`, `odds_nine`, `odds_ten`, `odds_eleven`, `odds_twelve`, `odds_thirteen`, `odds_fourteen`, `odds_fifteen`, `odds_sixteen`, `odds_seventeen`, `odds_eighteen`, `odds_nineteen`, `odds_twenty`, `min_bets_money`, `max_bets_money`, `status`, `documentary_status`, `sort`, `update_time`, `create_time`) VALUES (33835, 128, 18261, '1810', '18101', '1810111', '红球区', '34', '25', 99, 88, 77, 66, 55, 44, 33, 22, 11, 0, 0, 0, 0, 0, 0, 0, 0, 0, 0, 0, 1, 99999999.000, 1, 0, 1, '2021-05-07 15:00:00', '2021-05-07 15:00:00');


-- 美国系列—强力球
-- lottery
INSERT INTO `lottery`(`id`, `series_id`, `series_tag`, `name`, `show_status`, `status`, `documentary_status`, `sort`, `icon`, `gray_icon`, `interval`, `issue_format`, `update_time`, `create_time`, `kcw_code`, `cpk_code`, `by_code`, `type`, `lottery_tag`, `explain`, `lottery_type`, `lottery_method`, `kill_number_paramer1`, `kill_number_paramer2`, `kill_number_paramer3`, `kill_number_paramer4`, `kill_number_paramer5`, `game_id`)
VALUES (129, 50, '18', '强力球', 1, 1, 1, 1, 'https://static.zk01.cc/image/cztp/dlt2x.png', 'https://static.zk01.cc/image/cztp/zhdlt2x.png', 172800, 4, '2021-05-07 15:00:00', '2020-12-16 17:00:00', '', '', '', 3, '35', '<p>彩种说明</p>', 10, 100, 1, 1, 0.000, 0.000, 5, '0');

-- lottery_play
INSERT INTO `lottery_play`(`id`, `lottery_id`, `play_id`, `play_tag`, `play_name`, `status`, `documentary_status`, `sort`, `update_time`, `create_time`)
VALUES (603, 129, 450, '1811', '强力球', 1, 0, 1, '2021-05-07 15:00:00', '2021-05-07 15:00:00');

-- lottery_play_class
INSERT INTO `lottery_play_class`(`id`, `lottery_id`, `play_class_id`, `play_tag`, `play_name`, `play_class_tag`, `play_class_name`, `max_select_num`, `status`, `documentary_status`, `sort`, `update_time`, `create_time`)
VALUES (1186, 129, 805, '1811', '强力球', '18111', '强力球', 999, 1, 0, 1, '2021-05-07 15:00:00', '2021-05-07 15:00:00');

-- lottery_play_class_group
INSERT INTO `lottery_play_class_group`(`id`, `lottery_id`, `play_class_group_id`, `play_tag`, `play_class_tag`, `group_tag`, `group_name`, `example`, `play_rule`, `status`, `sort`, `update_time`, `create_time`)
VALUES (1966, 129, 1845, '1811', '18111', '1811110', '红区', '投注方案~', '投注规则~', 1, 1, '2021-05-07 15:00:00', '2021-05-07 15:00:00');

INSERT INTO `lottery_play_class_group`(`id`, `lottery_id`, `play_class_group_id`, `play_tag`, `play_class_tag`, `group_tag`, `group_name`, `example`, `play_rule`, `status`, `sort`, `update_time`, `create_time`)
VALUES (1967, 129, 1846, '1811', '18111', '1811111', '蓝区', '投注方案~', '投注规则~', 1, 1, '2021-05-07 15:00:00', '2021-05-07 15:00:00');

-- lottery_play_class_group_attribute
INSERT INTO `lottery_play_class_group_attribute`(`id`, `lottery_id`, `play_class_group_attribute_id`, `play_tag`, `play_class_tag`, `group_tag`, `group_name`, `attribute_tag`, `attribute_name`, `odds`, `odds_two`, `odds_three`, `odds_four`, `odds_five`, `odds_six`, `odds_seven`, `odds_eight`, `odds_nine`, `odds_ten`, `odds_eleven`, `odds_twelve`, `odds_thirteen`, `odds_fourteen`, `odds_fifteen`, `odds_sixteen`, `odds_seventeen`, `odds_eighteen`, `odds_nineteen`, `odds_twenty`, `min_bets_money`, `max_bets_money`, `status`, `documentary_status`, `sort`, `update_time`, `create_time`) VALUES (33836, 129, 18262, '1811', '18111', '1811110', '蓝球区', '10', '1', 99, 88, 77, 66, 55, 44, 33, 22, 11, 0, 0, 0, 0, 0, 0, 0, 0, 0, 0, 0, 1, 99999999.000, 1, 0, 1, '2021-05-07 15:00:00', '2021-05-07 15:00:00');
INSERT INTO `lottery_play_class_group_attribute`(`id`, `lottery_id`, `play_class_group_attribute_id`, `play_tag`, `play_class_tag`, `group_tag`, `group_name`, `attribute_tag`, `attribute_name`, `odds`, `odds_two`, `odds_three`, `odds_four`, `odds_five`, `odds_six`, `odds_seven`, `odds_eight`, `odds_nine`, `odds_ten`, `odds_eleven`, `odds_twelve`, `odds_thirteen`, `odds_fourteen`, `odds_fifteen`, `odds_sixteen`, `odds_seventeen`, `odds_eighteen`, `odds_nineteen`, `odds_twenty`, `min_bets_money`, `max_bets_money`, `status`, `documentary_status`, `sort`, `update_time`, `create_time`) VALUES (33837, 129, 18263, '1811', '18111', '1811110', '蓝球区', '11', '2', 99, 88, 77, 66, 55, 44, 33, 22, 11, 0, 0, 0, 0, 0, 0, 0, 0, 0, 0, 0, 1, 99999999.000, 1, 0, 1, '2021-05-07 15:00:00', '2021-05-07 15:00:00');
INSERT INTO `lottery_play_class_group_attribute`(`id`, `lottery_id`, `play_class_group_attribute_id`, `play_tag`, `play_class_tag`, `group_tag`, `group_name`, `attribute_tag`, `attribute_name`, `odds`, `odds_two`, `odds_three`, `odds_four`, `odds_five`, `odds_six`, `odds_seven`, `odds_eight`, `odds_nine`, `odds_ten`, `odds_eleven`, `odds_twelve`, `odds_thirteen`, `odds_fourteen`, `odds_fifteen`, `odds_sixteen`, `odds_seventeen`, `odds_eighteen`, `odds_nineteen`, `odds_twenty`, `min_bets_money`, `max_bets_money`, `status`, `documentary_status`, `sort`, `update_time`, `create_time`) VALUES (33838, 129, 18264, '1811', '18111', '1811110', '蓝球区', '12', '3', 99, 88, 77, 66, 55, 44, 33, 22, 11, 0, 0, 0, 0, 0, 0, 0, 0, 0, 0, 0, 1, 99999999.000, 1, 0, 1, '2021-05-07 15:00:00', '2021-05-07 15:00:00');
INSERT INTO `lottery_play_class_group_attribute`(`id`, `lottery_id`, `play_class_group_attribute_id`, `play_tag`, `play_class_tag`, `group_tag`, `group_name`, `attribute_tag`, `attribute_name`, `odds`, `odds_two`, `odds_three`, `odds_four`, `odds_five`, `odds_six`, `odds_seven`, `odds_eight`, `odds_nine`, `odds_ten`, `odds_eleven`, `odds_twelve`, `odds_thirteen`, `odds_fourteen`, `odds_fifteen`, `odds_sixteen`, `odds_seventeen`, `odds_eighteen`, `odds_nineteen`, `odds_twenty`, `min_bets_money`, `max_bets_money`, `status`, `documentary_status`, `sort`, `update_time`, `create_time`) VALUES (33839, 129, 18265, '1811', '18111', '1811110', '蓝球区', '13', '4', 99, 88, 77, 66, 55, 44, 33, 22, 11, 0, 0, 0, 0, 0, 0, 0, 0, 0, 0, 0, 1, 99999999.000, 1, 0, 1, '2021-05-07 15:00:00', '2021-05-07 15:00:00');
INSERT INTO `lottery_play_class_group_attribute`(`id`, `lottery_id`, `play_class_group_attribute_id`, `play_tag`, `play_class_tag`, `group_tag`, `group_name`, `attribute_tag`, `attribute_name`, `odds`, `odds_two`, `odds_three`, `odds_four`, `odds_five`, `odds_six`, `odds_seven`, `odds_eight`, `odds_nine`, `odds_ten`, `odds_eleven`, `odds_twelve`, `odds_thirteen`, `odds_fourteen`, `odds_fifteen`, `odds_sixteen`, `odds_seventeen`, `odds_eighteen`, `odds_nineteen`, `odds_twenty`, `min_bets_money`, `max_bets_money`, `status`, `documentary_status`, `sort`, `update_time`, `create_time`) VALUES (33840, 129, 18266, '1811', '18111', '1811110', '蓝球区', '14', '5', 99, 88, 77, 66, 55, 44, 33, 22, 11, 0, 0, 0, 0, 0, 0, 0, 0, 0, 0, 0, 1, 99999999.000, 1, 0, 1, '2021-05-07 15:00:00', '2021-05-07 15:00:00');
INSERT INTO `lottery_play_class_group_attribute`(`id`, `lottery_id`, `play_class_group_attribute_id`, `play_tag`, `play_class_tag`, `group_tag`, `group_name`, `attribute_tag`, `attribute_name`, `odds`, `odds_two`, `odds_three`, `odds_four`, `odds_five`, `odds_six`, `odds_seven`, `odds_eight`, `odds_nine`, `odds_ten`, `odds_eleven`, `odds_twelve`, `odds_thirteen`, `odds_fourteen`, `odds_fifteen`, `odds_sixteen`, `odds_seventeen`, `odds_eighteen`, `odds_nineteen`, `odds_twenty`, `min_bets_money`, `max_bets_money`, `status`, `documentary_status`, `sort`, `update_time`, `create_time`) VALUES (33841, 129, 18267, '1811', '18111', '1811110', '蓝球区', '15', '6', 99, 88, 77, 66, 55, 44, 33, 22, 11, 0, 0, 0, 0, 0, 0, 0, 0, 0, 0, 0, 1, 99999999.000, 1, 0, 1, '2021-05-07 15:00:00', '2021-05-07 15:00:00');
INSERT INTO `lottery_play_class_group_attribute`(`id`, `lottery_id`, `play_class_group_attribute_id`, `play_tag`, `play_class_tag`, `group_tag`, `group_name`, `attribute_tag`, `attribute_name`, `odds`, `odds_two`, `odds_three`, `odds_four`, `odds_five`, `odds_six`, `odds_seven`, `odds_eight`, `odds_nine`, `odds_ten`, `odds_eleven`, `odds_twelve`, `odds_thirteen`, `odds_fourteen`, `odds_fifteen`, `odds_sixteen`, `odds_seventeen`, `odds_eighteen`, `odds_nineteen`, `odds_twenty`, `min_bets_money`, `max_bets_money`, `status`, `documentary_status`, `sort`, `update_time`, `create_time`) VALUES (33842, 129, 18268, '1811', '18111', '1811110', '蓝球区', '16', '7', 99, 88, 77, 66, 55, 44, 33, 22, 11, 0, 0, 0, 0, 0, 0, 0, 0, 0, 0, 0, 1, 99999999.000, 1, 0, 1, '2021-05-07 15:00:00', '2021-05-07 15:00:00');
INSERT INTO `lottery_play_class_group_attribute`(`id`, `lottery_id`, `play_class_group_attribute_id`, `play_tag`, `play_class_tag`, `group_tag`, `group_name`, `attribute_tag`, `attribute_name`, `odds`, `odds_two`, `odds_three`, `odds_four`, `odds_five`, `odds_six`, `odds_seven`, `odds_eight`, `odds_nine`, `odds_ten`, `odds_eleven`, `odds_twelve`, `odds_thirteen`, `odds_fourteen`, `odds_fifteen`, `odds_sixteen`, `odds_seventeen`, `odds_eighteen`, `odds_nineteen`, `odds_twenty`, `min_bets_money`, `max_bets_money`, `status`, `documentary_status`, `sort`, `update_time`, `create_time`) VALUES (33843, 129, 18269, '1811', '18111', '1811110', '蓝球区', '17', '8', 99, 88, 77, 66, 55, 44, 33, 22, 11, 0, 0, 0, 0, 0, 0, 0, 0, 0, 0, 0, 1, 99999999.000, 1, 0, 1, '2021-05-07 15:00:00', '2021-05-07 15:00:00');
INSERT INTO `lottery_play_class_group_attribute`(`id`, `lottery_id`, `play_class_group_attribute_id`, `play_tag`, `play_class_tag`, `group_tag`, `group_name`, `attribute_tag`, `attribute_name`, `odds`, `odds_two`, `odds_three`, `odds_four`, `odds_five`, `odds_six`, `odds_seven`, `odds_eight`, `odds_nine`, `odds_ten`, `odds_eleven`, `odds_twelve`, `odds_thirteen`, `odds_fourteen`, `odds_fifteen`, `odds_sixteen`, `odds_seventeen`, `odds_eighteen`, `odds_nineteen`, `odds_twenty`, `min_bets_money`, `max_bets_money`, `status`, `documentary_status`, `sort`, `update_time`, `create_time`) VALUES (33844, 129, 18270, '1811', '18111', '1811110', '蓝球区', '18', '9', 99, 88, 77, 66, 55, 44, 33, 22, 11, 0, 0, 0, 0, 0, 0, 0, 0, 0, 0, 0, 1, 99999999.000, 1, 0, 1, '2021-05-07 15:00:00', '2021-05-07 15:00:00');
INSERT INTO `lottery_play_class_group_attribute`(`id`, `lottery_id`, `play_class_group_attribute_id`, `play_tag`, `play_class_tag`, `group_tag`, `group_name`, `attribute_tag`, `attribute_name`, `odds`, `odds_two`, `odds_three`, `odds_four`, `odds_five`, `odds_six`, `odds_seven`, `odds_eight`, `odds_nine`, `odds_ten`, `odds_eleven`, `odds_twelve`, `odds_thirteen`, `odds_fourteen`, `odds_fifteen`, `odds_sixteen`, `odds_seventeen`, `odds_eighteen`, `odds_nineteen`, `odds_twenty`, `min_bets_money`, `max_bets_money`, `status`, `documentary_status`, `sort`, `update_time`, `create_time`) VALUES (33845, 129, 18271, '1811', '18111', '1811110', '蓝球区', '19', '10', 99, 88, 77, 66, 55, 44, 33, 22, 11, 0, 0, 0, 0, 0, 0, 0, 0, 0, 0, 0, 1, 99999999.000, 1, 0, 1, '2021-05-07 15:00:00', '2021-05-07 15:00:00');
INSERT INTO `lottery_play_class_group_attribute`(`id`, `lottery_id`, `play_class_group_attribute_id`, `play_tag`, `play_class_tag`, `group_tag`, `group_name`, `attribute_tag`, `attribute_name`, `odds`, `odds_two`, `odds_three`, `odds_four`, `odds_five`, `odds_six`, `odds_seven`, `odds_eight`, `odds_nine`, `odds_ten`, `odds_eleven`, `odds_twelve`, `odds_thirteen`, `odds_fourteen`, `odds_fifteen`, `odds_sixteen`, `odds_seventeen`, `odds_eighteen`, `odds_nineteen`, `odds_twenty`, `min_bets_money`, `max_bets_money`, `status`, `documentary_status`, `sort`, `update_time`, `create_time`) VALUES (33846, 129, 18272, '1811', '18111', '1811110', '蓝球区', '20', '11', 99, 88, 77, 66, 55, 44, 33, 22, 11, 0, 0, 0, 0, 0, 0, 0, 0, 0, 0, 0, 1, 99999999.000, 1, 0, 1, '2021-05-07 15:00:00', '2021-05-07 15:00:00');
INSERT INTO `lottery_play_class_group_attribute`(`id`, `lottery_id`, `play_class_group_attribute_id`, `play_tag`, `play_class_tag`, `group_tag`, `group_name`, `attribute_tag`, `attribute_name`, `odds`, `odds_two`, `odds_three`, `odds_four`, `odds_five`, `odds_six`, `odds_seven`, `odds_eight`, `odds_nine`, `odds_ten`, `odds_eleven`, `odds_twelve`, `odds_thirteen`, `odds_fourteen`, `odds_fifteen`, `odds_sixteen`, `odds_seventeen`, `odds_eighteen`, `odds_nineteen`, `odds_twenty`, `min_bets_money`, `max_bets_money`, `status`, `documentary_status`, `sort`, `update_time`, `create_time`) VALUES (33847, 129, 18273, '1811', '18111', '1811110', '蓝球区', '21', '12', 99, 88, 77, 66, 55, 44, 33, 22, 11, 0, 0, 0, 0, 0, 0, 0, 0, 0, 0, 0, 1, 99999999.000, 1, 0, 1, '2021-05-07 15:00:00', '2021-05-07 15:00:00');
INSERT INTO `lottery_play_class_group_attribute`(`id`, `lottery_id`, `play_class_group_attribute_id`, `play_tag`, `play_class_tag`, `group_tag`, `group_name`, `attribute_tag`, `attribute_name`, `odds`, `odds_two`, `odds_three`, `odds_four`, `odds_five`, `odds_six`, `odds_seven`, `odds_eight`, `odds_nine`, `odds_ten`, `odds_eleven`, `odds_twelve`, `odds_thirteen`, `odds_fourteen`, `odds_fifteen`, `odds_sixteen`, `odds_seventeen`, `odds_eighteen`, `odds_nineteen`, `odds_twenty`, `min_bets_money`, `max_bets_money`, `status`, `documentary_status`, `sort`, `update_time`, `create_time`) VALUES (33848, 129, 18274, '1811', '18111', '1811110', '蓝球区', '22', '13', 99, 88, 77, 66, 55, 44, 33, 22, 11, 0, 0, 0, 0, 0, 0, 0, 0, 0, 0, 0, 1, 99999999.000, 1, 0, 1, '2021-05-07 15:00:00', '2021-05-07 15:00:00');
INSERT INTO `lottery_play_class_group_attribute`(`id`, `lottery_id`, `play_class_group_attribute_id`, `play_tag`, `play_class_tag`, `group_tag`, `group_name`, `attribute_tag`, `attribute_name`, `odds`, `odds_two`, `odds_three`, `odds_four`, `odds_five`, `odds_six`, `odds_seven`, `odds_eight`, `odds_nine`, `odds_ten`, `odds_eleven`, `odds_twelve`, `odds_thirteen`, `odds_fourteen`, `odds_fifteen`, `odds_sixteen`, `odds_seventeen`, `odds_eighteen`, `odds_nineteen`, `odds_twenty`, `min_bets_money`, `max_bets_money`, `status`, `documentary_status`, `sort`, `update_time`, `create_time`) VALUES (33849, 129, 18275, '1811', '18111', '1811110', '蓝球区', '23', '14', 99, 88, 77, 66, 55, 44, 33, 22, 11, 0, 0, 0, 0, 0, 0, 0, 0, 0, 0, 0, 1, 99999999.000, 1, 0, 1, '2021-05-07 15:00:00', '2021-05-07 15:00:00');
INSERT INTO `lottery_play_class_group_attribute`(`id`, `lottery_id`, `play_class_group_attribute_id`, `play_tag`, `play_class_tag`, `group_tag`, `group_name`, `attribute_tag`, `attribute_name`, `odds`, `odds_two`, `odds_three`, `odds_four`, `odds_five`, `odds_six`, `odds_seven`, `odds_eight`, `odds_nine`, `odds_ten`, `odds_eleven`, `odds_twelve`, `odds_thirteen`, `odds_fourteen`, `odds_fifteen`, `odds_sixteen`, `odds_seventeen`, `odds_eighteen`, `odds_nineteen`, `odds_twenty`, `min_bets_money`, `max_bets_money`, `status`, `documentary_status`, `sort`, `update_time`, `create_time`) VALUES (33850, 129, 18276, '1811', '18111', '1811110', '蓝球区', '24', '15', 99, 88, 77, 66, 55, 44, 33, 22, 11, 0, 0, 0, 0, 0, 0, 0, 0, 0, 0, 0, 1, 99999999.000, 1, 0, 1, '2021-05-07 15:00:00', '2021-05-07 15:00:00');
INSERT INTO `lottery_play_class_group_attribute`(`id`, `lottery_id`, `play_class_group_attribute_id`, `play_tag`, `play_class_tag`, `group_tag`, `group_name`, `attribute_tag`, `attribute_name`, `odds`, `odds_two`, `odds_three`, `odds_four`, `odds_five`, `odds_six`, `odds_seven`, `odds_eight`, `odds_nine`, `odds_ten`, `odds_eleven`, `odds_twelve`, `odds_thirteen`, `odds_fourteen`, `odds_fifteen`, `odds_sixteen`, `odds_seventeen`, `odds_eighteen`, `odds_nineteen`, `odds_twenty`, `min_bets_money`, `max_bets_money`, `status`, `documentary_status`, `sort`, `update_time`, `create_time`) VALUES (33851, 129, 18277, '1811', '18111', '1811110', '蓝球区', '25', '16', 99, 88, 77, 66, 55, 44, 33, 22, 11, 0, 0, 0, 0, 0, 0, 0, 0, 0, 0, 0, 1, 99999999.000, 1, 0, 1, '2021-05-07 15:00:00', '2021-05-07 15:00:00');
INSERT INTO `lottery_play_class_group_attribute`(`id`, `lottery_id`, `play_class_group_attribute_id`, `play_tag`, `play_class_tag`, `group_tag`, `group_name`, `attribute_tag`, `attribute_name`, `odds`, `odds_two`, `odds_three`, `odds_four`, `odds_five`, `odds_six`, `odds_seven`, `odds_eight`, `odds_nine`, `odds_ten`, `odds_eleven`, `odds_twelve`, `odds_thirteen`, `odds_fourteen`, `odds_fifteen`, `odds_sixteen`, `odds_seventeen`, `odds_eighteen`, `odds_nineteen`, `odds_twenty`, `min_bets_money`, `max_bets_money`, `status`, `documentary_status`, `sort`, `update_time`, `create_time`) VALUES (33852, 129, 18278, '1811', '18111', '1811110', '蓝球区', '26', '17', 99, 88, 77, 66, 55, 44, 33, 22, 11, 0, 0, 0, 0, 0, 0, 0, 0, 0, 0, 0, 1, 99999999.000, 1, 0, 1, '2021-05-07 15:00:00', '2021-05-07 15:00:00');
INSERT INTO `lottery_play_class_group_attribute`(`id`, `lottery_id`, `play_class_group_attribute_id`, `play_tag`, `play_class_tag`, `group_tag`, `group_name`, `attribute_tag`, `attribute_name`, `odds`, `odds_two`, `odds_three`, `odds_four`, `odds_five`, `odds_six`, `odds_seven`, `odds_eight`, `odds_nine`, `odds_ten`, `odds_eleven`, `odds_twelve`, `odds_thirteen`, `odds_fourteen`, `odds_fifteen`, `odds_sixteen`, `odds_seventeen`, `odds_eighteen`, `odds_nineteen`, `odds_twenty`, `min_bets_money`, `max_bets_money`, `status`, `documentary_status`, `sort`, `update_time`, `create_time`) VALUES (33853, 129, 18279, '1811', '18111', '1811110', '蓝球区', '27', '18', 99, 88, 77, 66, 55, 44, 33, 22, 11, 0, 0, 0, 0, 0, 0, 0, 0, 0, 0, 0, 1, 99999999.000, 1, 0, 1, '2021-05-07 15:00:00', '2021-05-07 15:00:00');
INSERT INTO `lottery_play_class_group_attribute`(`id`, `lottery_id`, `play_class_group_attribute_id`, `play_tag`, `play_class_tag`, `group_tag`, `group_name`, `attribute_tag`, `attribute_name`, `odds`, `odds_two`, `odds_three`, `odds_four`, `odds_five`, `odds_six`, `odds_seven`, `odds_eight`, `odds_nine`, `odds_ten`, `odds_eleven`, `odds_twelve`, `odds_thirteen`, `odds_fourteen`, `odds_fifteen`, `odds_sixteen`, `odds_seventeen`, `odds_eighteen`, `odds_nineteen`, `odds_twenty`, `min_bets_money`, `max_bets_money`, `status`, `documentary_status`, `sort`, `update_time`, `create_time`) VALUES (33854, 129, 18280, '1811', '18111', '1811110', '蓝球区', '28', '19', 99, 88, 77, 66, 55, 44, 33, 22, 11, 0, 0, 0, 0, 0, 0, 0, 0, 0, 0, 0, 1, 99999999.000, 1, 0, 1, '2021-05-07 15:00:00', '2021-05-07 15:00:00');
INSERT INTO `lottery_play_class_group_attribute`(`id`, `lottery_id`, `play_class_group_attribute_id`, `play_tag`, `play_class_tag`, `group_tag`, `group_name`, `attribute_tag`, `attribute_name`, `odds`, `odds_two`, `odds_three`, `odds_four`, `odds_five`, `odds_six`, `odds_seven`, `odds_eight`, `odds_nine`, `odds_ten`, `odds_eleven`, `odds_twelve`, `odds_thirteen`, `odds_fourteen`, `odds_fifteen`, `odds_sixteen`, `odds_seventeen`, `odds_eighteen`, `odds_nineteen`, `odds_twenty`, `min_bets_money`, `max_bets_money`, `status`, `documentary_status`, `sort`, `update_time`, `create_time`) VALUES (33855, 129, 18281, '1811', '18111', '1811110', '蓝球区', '29', '20', 99, 88, 77, 66, 55, 44, 33, 22, 11, 0, 0, 0, 0, 0, 0, 0, 0, 0, 0, 0, 1, 99999999.000, 1, 0, 1, '2021-05-07 15:00:00', '2021-05-07 15:00:00');
INSERT INTO `lottery_play_class_group_attribute`(`id`, `lottery_id`, `play_class_group_attribute_id`, `play_tag`, `play_class_tag`, `group_tag`, `group_name`, `attribute_tag`, `attribute_name`, `odds`, `odds_two`, `odds_three`, `odds_four`, `odds_five`, `odds_six`, `odds_seven`, `odds_eight`, `odds_nine`, `odds_ten`, `odds_eleven`, `odds_twelve`, `odds_thirteen`, `odds_fourteen`, `odds_fifteen`, `odds_sixteen`, `odds_seventeen`, `odds_eighteen`, `odds_nineteen`, `odds_twenty`, `min_bets_money`, `max_bets_money`, `status`, `documentary_status`, `sort`, `update_time`, `create_time`) VALUES (33856, 129, 18282, '1811', '18111', '1811110', '蓝球区', '30', '21', 99, 88, 77, 66, 55, 44, 33, 22, 11, 0, 0, 0, 0, 0, 0, 0, 0, 0, 0, 0, 1, 99999999.000, 1, 0, 1, '2021-05-07 15:00:00', '2021-05-07 15:00:00');
INSERT INTO `lottery_play_class_group_attribute`(`id`, `lottery_id`, `play_class_group_attribute_id`, `play_tag`, `play_class_tag`, `group_tag`, `group_name`, `attribute_tag`, `attribute_name`, `odds`, `odds_two`, `odds_three`, `odds_four`, `odds_five`, `odds_six`, `odds_seven`, `odds_eight`, `odds_nine`, `odds_ten`, `odds_eleven`, `odds_twelve`, `odds_thirteen`, `odds_fourteen`, `odds_fifteen`, `odds_sixteen`, `odds_seventeen`, `odds_eighteen`, `odds_nineteen`, `odds_twenty`, `min_bets_money`, `max_bets_money`, `status`, `documentary_status`, `sort`, `update_time`, `create_time`) VALUES (33857, 129, 18283, '1811', '18111', '1811110', '蓝球区', '31', '22', 99, 88, 77, 66, 55, 44, 33, 22, 11, 0, 0, 0, 0, 0, 0, 0, 0, 0, 0, 0, 1, 99999999.000, 1, 0, 1, '2021-05-07 15:00:00', '2021-05-07 15:00:00');
INSERT INTO `lottery_play_class_group_attribute`(`id`, `lottery_id`, `play_class_group_attribute_id`, `play_tag`, `play_class_tag`, `group_tag`, `group_name`, `attribute_tag`, `attribute_name`, `odds`, `odds_two`, `odds_three`, `odds_four`, `odds_five`, `odds_six`, `odds_seven`, `odds_eight`, `odds_nine`, `odds_ten`, `odds_eleven`, `odds_twelve`, `odds_thirteen`, `odds_fourteen`, `odds_fifteen`, `odds_sixteen`, `odds_seventeen`, `odds_eighteen`, `odds_nineteen`, `odds_twenty`, `min_bets_money`, `max_bets_money`, `status`, `documentary_status`, `sort`, `update_time`, `create_time`) VALUES (33858, 129, 18284, '1811', '18111', '1811110', '蓝球区', '32', '23', 99, 88, 77, 66, 55, 44, 33, 22, 11, 0, 0, 0, 0, 0, 0, 0, 0, 0, 0, 0, 1, 99999999.000, 1, 0, 1, '2021-05-07 15:00:00', '2021-05-07 15:00:00');
INSERT INTO `lottery_play_class_group_attribute`(`id`, `lottery_id`, `play_class_group_attribute_id`, `play_tag`, `play_class_tag`, `group_tag`, `group_name`, `attribute_tag`, `attribute_name`, `odds`, `odds_two`, `odds_three`, `odds_four`, `odds_five`, `odds_six`, `odds_seven`, `odds_eight`, `odds_nine`, `odds_ten`, `odds_eleven`, `odds_twelve`, `odds_thirteen`, `odds_fourteen`, `odds_fifteen`, `odds_sixteen`, `odds_seventeen`, `odds_eighteen`, `odds_nineteen`, `odds_twenty`, `min_bets_money`, `max_bets_money`, `status`, `documentary_status`, `sort`, `update_time`, `create_time`) VALUES (33859, 129, 18285, '1811', '18111', '1811110', '蓝球区', '33', '24', 99, 88, 77, 66, 55, 44, 33, 22, 11, 0, 0, 0, 0, 0, 0, 0, 0, 0, 0, 0, 1, 99999999.000, 1, 0, 1, '2021-05-07 15:00:00', '2021-05-07 15:00:00');
INSERT INTO `lottery_play_class_group_attribute`(`id`, `lottery_id`, `play_class_group_attribute_id`, `play_tag`, `play_class_tag`, `group_tag`, `group_name`, `attribute_tag`, `attribute_name`, `odds`, `odds_two`, `odds_three`, `odds_four`, `odds_five`, `odds_six`, `odds_seven`, `odds_eight`, `odds_nine`, `odds_ten`, `odds_eleven`, `odds_twelve`, `odds_thirteen`, `odds_fourteen`, `odds_fifteen`, `odds_sixteen`, `odds_seventeen`, `odds_eighteen`, `odds_nineteen`, `odds_twenty`, `min_bets_money`, `max_bets_money`, `status`, `documentary_status`, `sort`, `update_time`, `create_time`) VALUES (33860, 129, 18286, '1811', '18111', '1811110', '蓝球区', '34', '25', 99, 88, 77, 66, 55, 44, 33, 22, 11, 0, 0, 0, 0, 0, 0, 0, 0, 0, 0, 0, 1, 99999999.000, 1, 0, 1, '2021-05-07 15:00:00', '2021-05-07 15:00:00');
INSERT INTO `lottery_play_class_group_attribute`(`id`, `lottery_id`, `play_class_group_attribute_id`, `play_tag`, `play_class_tag`, `group_tag`, `group_name`, `attribute_tag`, `attribute_name`, `odds`, `odds_two`, `odds_three`, `odds_four`, `odds_five`, `odds_six`, `odds_seven`, `odds_eight`, `odds_nine`, `odds_ten`, `odds_eleven`, `odds_twelve`, `odds_thirteen`, `odds_fourteen`, `odds_fifteen`, `odds_sixteen`, `odds_seventeen`, `odds_eighteen`, `odds_nineteen`, `odds_twenty`, `min_bets_money`, `max_bets_money`, `status`, `documentary_status`, `sort`, `update_time`, `create_time`) VALUES (33861, 129, 18287, '1811', '18111', '1811110', '蓝球区', '35', '26', 99, 88, 77, 66, 55, 44, 33, 22, 11, 0, 0, 0, 0, 0, 0, 0, 0, 0, 0, 0, 1, 99999999.000, 1, 0, 1, '2021-05-07 15:00:00', '2021-05-07 15:00:00');
INSERT INTO `lottery_play_class_group_attribute`(`id`, `lottery_id`, `play_class_group_attribute_id`, `play_tag`, `play_class_tag`, `group_tag`, `group_name`, `attribute_tag`, `attribute_name`, `odds`, `odds_two`, `odds_three`, `odds_four`, `odds_five`, `odds_six`, `odds_seven`, `odds_eight`, `odds_nine`, `odds_ten`, `odds_eleven`, `odds_twelve`, `odds_thirteen`, `odds_fourteen`, `odds_fifteen`, `odds_sixteen`, `odds_seventeen`, `odds_eighteen`, `odds_nineteen`, `odds_twenty`, `min_bets_money`, `max_bets_money`, `status`, `documentary_status`, `sort`, `update_time`, `create_time`) VALUES (33862, 129, 18288, '1811', '18111', '1811110', '蓝球区', '36', '27', 99, 88, 77, 66, 55, 44, 33, 22, 11, 0, 0, 0, 0, 0, 0, 0, 0, 0, 0, 0, 1, 99999999.000, 1, 0, 1, '2021-05-07 15:00:00', '2021-05-07 15:00:00');
INSERT INTO `lottery_play_class_group_attribute`(`id`, `lottery_id`, `play_class_group_attribute_id`, `play_tag`, `play_class_tag`, `group_tag`, `group_name`, `attribute_tag`, `attribute_name`, `odds`, `odds_two`, `odds_three`, `odds_four`, `odds_five`, `odds_six`, `odds_seven`, `odds_eight`, `odds_nine`, `odds_ten`, `odds_eleven`, `odds_twelve`, `odds_thirteen`, `odds_fourteen`, `odds_fifteen`, `odds_sixteen`, `odds_seventeen`, `odds_eighteen`, `odds_nineteen`, `odds_twenty`, `min_bets_money`, `max_bets_money`, `status`, `documentary_status`, `sort`, `update_time`, `create_time`) VALUES (33863, 129, 18289, '1811', '18111', '1811110', '蓝球区', '37', '28', 99, 88, 77, 66, 55, 44, 33, 22, 11, 0, 0, 0, 0, 0, 0, 0, 0, 0, 0, 0, 1, 99999999.000, 1, 0, 1, '2021-05-07 15:00:00', '2021-05-07 15:00:00');
INSERT INTO `lottery_play_class_group_attribute`(`id`, `lottery_id`, `play_class_group_attribute_id`, `play_tag`, `play_class_tag`, `group_tag`, `group_name`, `attribute_tag`, `attribute_name`, `odds`, `odds_two`, `odds_three`, `odds_four`, `odds_five`, `odds_six`, `odds_seven`, `odds_eight`, `odds_nine`, `odds_ten`, `odds_eleven`, `odds_twelve`, `odds_thirteen`, `odds_fourteen`, `odds_fifteen`, `odds_sixteen`, `odds_seventeen`, `odds_eighteen`, `odds_nineteen`, `odds_twenty`, `min_bets_money`, `max_bets_money`, `status`, `documentary_status`, `sort`, `update_time`, `create_time`) VALUES (33864, 129, 18290, '1811', '18111', '1811110', '蓝球区', '38', '29', 99, 88, 77, 66, 55, 44, 33, 22, 11, 0, 0, 0, 0, 0, 0, 0, 0, 0, 0, 0, 1, 99999999.000, 1, 0, 1, '2021-05-07 15:00:00', '2021-05-07 15:00:00');
INSERT INTO `lottery_play_class_group_attribute`(`id`, `lottery_id`, `play_class_group_attribute_id`, `play_tag`, `play_class_tag`, `group_tag`, `group_name`, `attribute_tag`, `attribute_name`, `odds`, `odds_two`, `odds_three`, `odds_four`, `odds_five`, `odds_six`, `odds_seven`, `odds_eight`, `odds_nine`, `odds_ten`, `odds_eleven`, `odds_twelve`, `odds_thirteen`, `odds_fourteen`, `odds_fifteen`, `odds_sixteen`, `odds_seventeen`, `odds_eighteen`, `odds_nineteen`, `odds_twenty`, `min_bets_money`, `max_bets_money`, `status`, `documentary_status`, `sort`, `update_time`, `create_time`) VALUES (33865, 129, 18291, '1811', '18111', '1811110', '蓝球区', '39', '30', 99, 88, 77, 66, 55, 44, 33, 22, 11, 0, 0, 0, 0, 0, 0, 0, 0, 0, 0, 0, 1, 99999999.000, 1, 0, 1, '2021-05-07 15:00:00', '2021-05-07 15:00:00');
INSERT INTO `lottery_play_class_group_attribute`(`id`, `lottery_id`, `play_class_group_attribute_id`, `play_tag`, `play_class_tag`, `group_tag`, `group_name`, `attribute_tag`, `attribute_name`, `odds`, `odds_two`, `odds_three`, `odds_four`, `odds_five`, `odds_six`, `odds_seven`, `odds_eight`, `odds_nine`, `odds_ten`, `odds_eleven`, `odds_twelve`, `odds_thirteen`, `odds_fourteen`, `odds_fifteen`, `odds_sixteen`, `odds_seventeen`, `odds_eighteen`, `odds_nineteen`, `odds_twenty`, `min_bets_money`, `max_bets_money`, `status`, `documentary_status`, `sort`, `update_time`, `create_time`) VALUES (33866, 129, 18292, '1811', '18111', '1811110', '蓝球区', '40', '31', 99, 88, 77, 66, 55, 44, 33, 22, 11, 0, 0, 0, 0, 0, 0, 0, 0, 0, 0, 0, 1, 99999999.000, 1, 0, 1, '2021-05-07 15:00:00', '2021-05-07 15:00:00');
INSERT INTO `lottery_play_class_group_attribute`(`id`, `lottery_id`, `play_class_group_attribute_id`, `play_tag`, `play_class_tag`, `group_tag`, `group_name`, `attribute_tag`, `attribute_name`, `odds`, `odds_two`, `odds_three`, `odds_four`, `odds_five`, `odds_six`, `odds_seven`, `odds_eight`, `odds_nine`, `odds_ten`, `odds_eleven`, `odds_twelve`, `odds_thirteen`, `odds_fourteen`, `odds_fifteen`, `odds_sixteen`, `odds_seventeen`, `odds_eighteen`, `odds_nineteen`, `odds_twenty`, `min_bets_money`, `max_bets_money`, `status`, `documentary_status`, `sort`, `update_time`, `create_time`) VALUES (33867, 129, 18293, '1811', '18111', '1811110', '蓝球区', '41', '32', 99, 88, 77, 66, 55, 44, 33, 22, 11, 0, 0, 0, 0, 0, 0, 0, 0, 0, 0, 0, 1, 99999999.000, 1, 0, 1, '2021-05-07 15:00:00', '2021-05-07 15:00:00');
INSERT INTO `lottery_play_class_group_attribute`(`id`, `lottery_id`, `play_class_group_attribute_id`, `play_tag`, `play_class_tag`, `group_tag`, `group_name`, `attribute_tag`, `attribute_name`, `odds`, `odds_two`, `odds_three`, `odds_four`, `odds_five`, `odds_six`, `odds_seven`, `odds_eight`, `odds_nine`, `odds_ten`, `odds_eleven`, `odds_twelve`, `odds_thirteen`, `odds_fourteen`, `odds_fifteen`, `odds_sixteen`, `odds_seventeen`, `odds_eighteen`, `odds_nineteen`, `odds_twenty`, `min_bets_money`, `max_bets_money`, `status`, `documentary_status`, `sort`, `update_time`, `create_time`) VALUES (33868, 129, 18294, '1811', '18111', '1811110', '蓝球区', '42', '33', 99, 88, 77, 66, 55, 44, 33, 22, 11, 0, 0, 0, 0, 0, 0, 0, 0, 0, 0, 0, 1, 99999999.000, 1, 0, 1, '2021-05-07 15:00:00', '2021-05-07 15:00:00');
INSERT INTO `lottery_play_class_group_attribute`(`id`, `lottery_id`, `play_class_group_attribute_id`, `play_tag`, `play_class_tag`, `group_tag`, `group_name`, `attribute_tag`, `attribute_name`, `odds`, `odds_two`, `odds_three`, `odds_four`, `odds_five`, `odds_six`, `odds_seven`, `odds_eight`, `odds_nine`, `odds_ten`, `odds_eleven`, `odds_twelve`, `odds_thirteen`, `odds_fourteen`, `odds_fifteen`, `odds_sixteen`, `odds_seventeen`, `odds_eighteen`, `odds_nineteen`, `odds_twenty`, `min_bets_money`, `max_bets_money`, `status`, `documentary_status`, `sort`, `update_time`, `create_time`) VALUES (33869, 129, 18295, '1811', '18111', '1811110', '蓝球区', '43', '34', 99, 88, 77, 66, 55, 44, 33, 22, 11, 0, 0, 0, 0, 0, 0, 0, 0, 0, 0, 0, 1, 99999999.000, 1, 0, 1, '2021-05-07 15:00:00', '2021-05-07 15:00:00');
INSERT INTO `lottery_play_class_group_attribute`(`id`, `lottery_id`, `play_class_group_attribute_id`, `play_tag`, `play_class_tag`, `group_tag`, `group_name`, `attribute_tag`, `attribute_name`, `odds`, `odds_two`, `odds_three`, `odds_four`, `odds_five`, `odds_six`, `odds_seven`, `odds_eight`, `odds_nine`, `odds_ten`, `odds_eleven`, `odds_twelve`, `odds_thirteen`, `odds_fourteen`, `odds_fifteen`, `odds_sixteen`, `odds_seventeen`, `odds_eighteen`, `odds_nineteen`, `odds_twenty`, `min_bets_money`, `max_bets_money`, `status`, `documentary_status`, `sort`, `update_time`, `create_time`) VALUES (33870, 129, 18296, '1811', '18111', '1811110', '蓝球区', '44', '35', 99, 88, 77, 66, 55, 44, 33, 22, 11, 0, 0, 0, 0, 0, 0, 0, 0, 0, 0, 0, 1, 99999999.000, 1, 0, 1, '2021-05-07 15:00:00', '2021-05-07 15:00:00');
INSERT INTO `lottery_play_class_group_attribute`(`id`, `lottery_id`, `play_class_group_attribute_id`, `play_tag`, `play_class_tag`, `group_tag`, `group_name`, `attribute_tag`, `attribute_name`, `odds`, `odds_two`, `odds_three`, `odds_four`, `odds_five`, `odds_six`, `odds_seven`, `odds_eight`, `odds_nine`, `odds_ten`, `odds_eleven`, `odds_twelve`, `odds_thirteen`, `odds_fourteen`, `odds_fifteen`, `odds_sixteen`, `odds_seventeen`, `odds_eighteen`, `odds_nineteen`, `odds_twenty`, `min_bets_money`, `max_bets_money`, `status`, `documentary_status`, `sort`, `update_time`, `create_time`) VALUES (33871, 129, 18297, '1811', '18111', '1811110', '蓝球区', '45', '36', 99, 88, 77, 66, 55, 44, 33, 22, 11, 0, 0, 0, 0, 0, 0, 0, 0, 0, 0, 0, 1, 99999999.000, 1, 0, 1, '2021-05-07 15:00:00', '2021-05-07 15:00:00');
INSERT INTO `lottery_play_class_group_attribute`(`id`, `lottery_id`, `play_class_group_attribute_id`, `play_tag`, `play_class_tag`, `group_tag`, `group_name`, `attribute_tag`, `attribute_name`, `odds`, `odds_two`, `odds_three`, `odds_four`, `odds_five`, `odds_six`, `odds_seven`, `odds_eight`, `odds_nine`, `odds_ten`, `odds_eleven`, `odds_twelve`, `odds_thirteen`, `odds_fourteen`, `odds_fifteen`, `odds_sixteen`, `odds_seventeen`, `odds_eighteen`, `odds_nineteen`, `odds_twenty`, `min_bets_money`, `max_bets_money`, `status`, `documentary_status`, `sort`, `update_time`, `create_time`) VALUES (33872, 129, 18298, '1811', '18111', '1811110', '蓝球区', '46', '37', 99, 88, 77, 66, 55, 44, 33, 22, 11, 0, 0, 0, 0, 0, 0, 0, 0, 0, 0, 0, 1, 99999999.000, 1, 0, 1, '2021-05-07 15:00:00', '2021-05-07 15:00:00');
INSERT INTO `lottery_play_class_group_attribute`(`id`, `lottery_id`, `play_class_group_attribute_id`, `play_tag`, `play_class_tag`, `group_tag`, `group_name`, `attribute_tag`, `attribute_name`, `odds`, `odds_two`, `odds_three`, `odds_four`, `odds_five`, `odds_six`, `odds_seven`, `odds_eight`, `odds_nine`, `odds_ten`, `odds_eleven`, `odds_twelve`, `odds_thirteen`, `odds_fourteen`, `odds_fifteen`, `odds_sixteen`, `odds_seventeen`, `odds_eighteen`, `odds_nineteen`, `odds_twenty`, `min_bets_money`, `max_bets_money`, `status`, `documentary_status`, `sort`, `update_time`, `create_time`) VALUES (33873, 129, 18299, '1811', '18111', '1811110', '蓝球区', '47', '38', 99, 88, 77, 66, 55, 44, 33, 22, 11, 0, 0, 0, 0, 0, 0, 0, 0, 0, 0, 0, 1, 99999999.000, 1, 0, 1, '2021-05-07 15:00:00', '2021-05-07 15:00:00');
INSERT INTO `lottery_play_class_group_attribute`(`id`, `lottery_id`, `play_class_group_attribute_id`, `play_tag`, `play_class_tag`, `group_tag`, `group_name`, `attribute_tag`, `attribute_name`, `odds`, `odds_two`, `odds_three`, `odds_four`, `odds_five`, `odds_six`, `odds_seven`, `odds_eight`, `odds_nine`, `odds_ten`, `odds_eleven`, `odds_twelve`, `odds_thirteen`, `odds_fourteen`, `odds_fifteen`, `odds_sixteen`, `odds_seventeen`, `odds_eighteen`, `odds_nineteen`, `odds_twenty`, `min_bets_money`, `max_bets_money`, `status`, `documentary_status`, `sort`, `update_time`, `create_time`) VALUES (33874, 129, 18300, '1811', '18111', '1811110', '蓝球区', '48', '39', 99, 88, 77, 66, 55, 44, 33, 22, 11, 0, 0, 0, 0, 0, 0, 0, 0, 0, 0, 0, 1, 99999999.000, 1, 0, 1, '2021-05-07 15:00:00', '2021-05-07 15:00:00');
INSERT INTO `lottery_play_class_group_attribute`(`id`, `lottery_id`, `play_class_group_attribute_id`, `play_tag`, `play_class_tag`, `group_tag`, `group_name`, `attribute_tag`, `attribute_name`, `odds`, `odds_two`, `odds_three`, `odds_four`, `odds_five`, `odds_six`, `odds_seven`, `odds_eight`, `odds_nine`, `odds_ten`, `odds_eleven`, `odds_twelve`, `odds_thirteen`, `odds_fourteen`, `odds_fifteen`, `odds_sixteen`, `odds_seventeen`, `odds_eighteen`, `odds_nineteen`, `odds_twenty`, `min_bets_money`, `max_bets_money`, `status`, `documentary_status`, `sort`, `update_time`, `create_time`) VALUES (33875, 129, 18301, '1811', '18111', '1811110', '蓝球区', '49', '40', 99, 88, 77, 66, 55, 44, 33, 22, 11, 0, 0, 0, 0, 0, 0, 0, 0, 0, 0, 0, 1, 99999999.000, 1, 0, 1, '2021-05-07 15:00:00', '2021-05-07 15:00:00');
INSERT INTO `lottery_play_class_group_attribute`(`id`, `lottery_id`, `play_class_group_attribute_id`, `play_tag`, `play_class_tag`, `group_tag`, `group_name`, `attribute_tag`, `attribute_name`, `odds`, `odds_two`, `odds_three`, `odds_four`, `odds_five`, `odds_six`, `odds_seven`, `odds_eight`, `odds_nine`, `odds_ten`, `odds_eleven`, `odds_twelve`, `odds_thirteen`, `odds_fourteen`, `odds_fifteen`, `odds_sixteen`, `odds_seventeen`, `odds_eighteen`, `odds_nineteen`, `odds_twenty`, `min_bets_money`, `max_bets_money`, `status`, `documentary_status`, `sort`, `update_time`, `create_time`) VALUES (33876, 129, 18302, '1811', '18111', '1811110', '蓝球区', '50', '41', 99, 88, 77, 66, 55, 44, 33, 22, 11, 0, 0, 0, 0, 0, 0, 0, 0, 0, 0, 0, 1, 99999999.000, 1, 0, 1, '2021-05-07 15:00:00', '2021-05-07 15:00:00');
INSERT INTO `lottery_play_class_group_attribute`(`id`, `lottery_id`, `play_class_group_attribute_id`, `play_tag`, `play_class_tag`, `group_tag`, `group_name`, `attribute_tag`, `attribute_name`, `odds`, `odds_two`, `odds_three`, `odds_four`, `odds_five`, `odds_six`, `odds_seven`, `odds_eight`, `odds_nine`, `odds_ten`, `odds_eleven`, `odds_twelve`, `odds_thirteen`, `odds_fourteen`, `odds_fifteen`, `odds_sixteen`, `odds_seventeen`, `odds_eighteen`, `odds_nineteen`, `odds_twenty`, `min_bets_money`, `max_bets_money`, `status`, `documentary_status`, `sort`, `update_time`, `create_time`) VALUES (33877, 129, 18303, '1811', '18111', '1811110', '蓝球区', '51', '42', 99, 88, 77, 66, 55, 44, 33, 22, 11, 0, 0, 0, 0, 0, 0, 0, 0, 0, 0, 0, 1, 99999999.000, 1, 0, 1, '2021-05-07 15:00:00', '2021-05-07 15:00:00');
INSERT INTO `lottery_play_class_group_attribute`(`id`, `lottery_id`, `play_class_group_attribute_id`, `play_tag`, `play_class_tag`, `group_tag`, `group_name`, `attribute_tag`, `attribute_name`, `odds`, `odds_two`, `odds_three`, `odds_four`, `odds_five`, `odds_six`, `odds_seven`, `odds_eight`, `odds_nine`, `odds_ten`, `odds_eleven`, `odds_twelve`, `odds_thirteen`, `odds_fourteen`, `odds_fifteen`, `odds_sixteen`, `odds_seventeen`, `odds_eighteen`, `odds_nineteen`, `odds_twenty`, `min_bets_money`, `max_bets_money`, `status`, `documentary_status`, `sort`, `update_time`, `create_time`) VALUES (33878, 129, 18304, '1811', '18111', '1811110', '蓝球区', '52', '43', 99, 88, 77, 66, 55, 44, 33, 22, 11, 0, 0, 0, 0, 0, 0, 0, 0, 0, 0, 0, 1, 99999999.000, 1, 0, 1, '2021-05-07 15:00:00', '2021-05-07 15:00:00');
INSERT INTO `lottery_play_class_group_attribute`(`id`, `lottery_id`, `play_class_group_attribute_id`, `play_tag`, `play_class_tag`, `group_tag`, `group_name`, `attribute_tag`, `attribute_name`, `odds`, `odds_two`, `odds_three`, `odds_four`, `odds_five`, `odds_six`, `odds_seven`, `odds_eight`, `odds_nine`, `odds_ten`, `odds_eleven`, `odds_twelve`, `odds_thirteen`, `odds_fourteen`, `odds_fifteen`, `odds_sixteen`, `odds_seventeen`, `odds_eighteen`, `odds_nineteen`, `odds_twenty`, `min_bets_money`, `max_bets_money`, `status`, `documentary_status`, `sort`, `update_time`, `create_time`) VALUES (33879, 129, 18305, '1811', '18111', '1811110', '蓝球区', '53', '44', 99, 88, 77, 66, 55, 44, 33, 22, 11, 0, 0, 0, 0, 0, 0, 0, 0, 0, 0, 0, 1, 99999999.000, 1, 0, 1, '2021-05-07 15:00:00', '2021-05-07 15:00:00');
INSERT INTO `lottery_play_class_group_attribute`(`id`, `lottery_id`, `play_class_group_attribute_id`, `play_tag`, `play_class_tag`, `group_tag`, `group_name`, `attribute_tag`, `attribute_name`, `odds`, `odds_two`, `odds_three`, `odds_four`, `odds_five`, `odds_six`, `odds_seven`, `odds_eight`, `odds_nine`, `odds_ten`, `odds_eleven`, `odds_twelve`, `odds_thirteen`, `odds_fourteen`, `odds_fifteen`, `odds_sixteen`, `odds_seventeen`, `odds_eighteen`, `odds_nineteen`, `odds_twenty`, `min_bets_money`, `max_bets_money`, `status`, `documentary_status`, `sort`, `update_time`, `create_time`) VALUES (33880, 129, 18306, '1811', '18111', '1811110', '蓝球区', '54', '45', 99, 88, 77, 66, 55, 44, 33, 22, 11, 0, 0, 0, 0, 0, 0, 0, 0, 0, 0, 0, 1, 99999999.000, 1, 0, 1, '2021-05-07 15:00:00', '2021-05-07 15:00:00');
INSERT INTO `lottery_play_class_group_attribute`(`id`, `lottery_id`, `play_class_group_attribute_id`, `play_tag`, `play_class_tag`, `group_tag`, `group_name`, `attribute_tag`, `attribute_name`, `odds`, `odds_two`, `odds_three`, `odds_four`, `odds_five`, `odds_six`, `odds_seven`, `odds_eight`, `odds_nine`, `odds_ten`, `odds_eleven`, `odds_twelve`, `odds_thirteen`, `odds_fourteen`, `odds_fifteen`, `odds_sixteen`, `odds_seventeen`, `odds_eighteen`, `odds_nineteen`, `odds_twenty`, `min_bets_money`, `max_bets_money`, `status`, `documentary_status`, `sort`, `update_time`, `create_time`) VALUES (33881, 129, 18307, '1811', '18111', '1811110', '蓝球区', '55', '46', 99, 88, 77, 66, 55, 44, 33, 22, 11, 0, 0, 0, 0, 0, 0, 0, 0, 0, 0, 0, 1, 99999999.000, 1, 0, 1, '2021-05-07 15:00:00', '2021-05-07 15:00:00');
INSERT INTO `lottery_play_class_group_attribute`(`id`, `lottery_id`, `play_class_group_attribute_id`, `play_tag`, `play_class_tag`, `group_tag`, `group_name`, `attribute_tag`, `attribute_name`, `odds`, `odds_two`, `odds_three`, `odds_four`, `odds_five`, `odds_six`, `odds_seven`, `odds_eight`, `odds_nine`, `odds_ten`, `odds_eleven`, `odds_twelve`, `odds_thirteen`, `odds_fourteen`, `odds_fifteen`, `odds_sixteen`, `odds_seventeen`, `odds_eighteen`, `odds_nineteen`, `odds_twenty`, `min_bets_money`, `max_bets_money`, `status`, `documentary_status`, `sort`, `update_time`, `create_time`) VALUES (33882, 129, 18308, '1811', '18111', '1811110', '蓝球区', '56', '47', 99, 88, 77, 66, 55, 44, 33, 22, 11, 0, 0, 0, 0, 0, 0, 0, 0, 0, 0, 0, 1, 99999999.000, 1, 0, 1, '2021-05-07 15:00:00', '2021-05-07 15:00:00');
INSERT INTO `lottery_play_class_group_attribute`(`id`, `lottery_id`, `play_class_group_attribute_id`, `play_tag`, `play_class_tag`, `group_tag`, `group_name`, `attribute_tag`, `attribute_name`, `odds`, `odds_two`, `odds_three`, `odds_four`, `odds_five`, `odds_six`, `odds_seven`, `odds_eight`, `odds_nine`, `odds_ten`, `odds_eleven`, `odds_twelve`, `odds_thirteen`, `odds_fourteen`, `odds_fifteen`, `odds_sixteen`, `odds_seventeen`, `odds_eighteen`, `odds_nineteen`, `odds_twenty`, `min_bets_money`, `max_bets_money`, `status`, `documentary_status`, `sort`, `update_time`, `create_time`) VALUES (33883, 129, 18309, '1811', '18111', '1811110', '蓝球区', '57', '48', 99, 88, 77, 66, 55, 44, 33, 22, 11, 0, 0, 0, 0, 0, 0, 0, 0, 0, 0, 0, 1, 99999999.000, 1, 0, 1, '2021-05-07 15:00:00', '2021-05-07 15:00:00');
INSERT INTO `lottery_play_class_group_attribute`(`id`, `lottery_id`, `play_class_group_attribute_id`, `play_tag`, `play_class_tag`, `group_tag`, `group_name`, `attribute_tag`, `attribute_name`, `odds`, `odds_two`, `odds_three`, `odds_four`, `odds_five`, `odds_six`, `odds_seven`, `odds_eight`, `odds_nine`, `odds_ten`, `odds_eleven`, `odds_twelve`, `odds_thirteen`, `odds_fourteen`, `odds_fifteen`, `odds_sixteen`, `odds_seventeen`, `odds_eighteen`, `odds_nineteen`, `odds_twenty`, `min_bets_money`, `max_bets_money`, `status`, `documentary_status`, `sort`, `update_time`, `create_time`) VALUES (33884, 129, 18310, '1811', '18111', '1811110', '蓝球区', '58', '49', 99, 88, 77, 66, 55, 44, 33, 22, 11, 0, 0, 0, 0, 0, 0, 0, 0, 0, 0, 0, 1, 99999999.000, 1, 0, 1, '2021-05-07 15:00:00', '2021-05-07 15:00:00');
INSERT INTO `lottery_play_class_group_attribute`(`id`, `lottery_id`, `play_class_group_attribute_id`, `play_tag`, `play_class_tag`, `group_tag`, `group_name`, `attribute_tag`, `attribute_name`, `odds`, `odds_two`, `odds_three`, `odds_four`, `odds_five`, `odds_six`, `odds_seven`, `odds_eight`, `odds_nine`, `odds_ten`, `odds_eleven`, `odds_twelve`, `odds_thirteen`, `odds_fourteen`, `odds_fifteen`, `odds_sixteen`, `odds_seventeen`, `odds_eighteen`, `odds_nineteen`, `odds_twenty`, `min_bets_money`, `max_bets_money`, `status`, `documentary_status`, `sort`, `update_time`, `create_time`) VALUES (33885, 129, 18311, '1811', '18111', '1811110', '蓝球区', '59', '50', 99, 88, 77, 66, 55, 44, 33, 22, 11, 0, 0, 0, 0, 0, 0, 0, 0, 0, 0, 0, 1, 99999999.000, 1, 0, 1, '2021-05-07 15:00:00', '2021-05-07 15:00:00');
INSERT INTO `lottery_play_class_group_attribute`(`id`, `lottery_id`, `play_class_group_attribute_id`, `play_tag`, `play_class_tag`, `group_tag`, `group_name`, `attribute_tag`, `attribute_name`, `odds`, `odds_two`, `odds_three`, `odds_four`, `odds_five`, `odds_six`, `odds_seven`, `odds_eight`, `odds_nine`, `odds_ten`, `odds_eleven`, `odds_twelve`, `odds_thirteen`, `odds_fourteen`, `odds_fifteen`, `odds_sixteen`, `odds_seventeen`, `odds_eighteen`, `odds_nineteen`, `odds_twenty`, `min_bets_money`, `max_bets_money`, `status`, `documentary_status`, `sort`, `update_time`, `create_time`) VALUES (33886, 129, 18312, '1811', '18111', '1811110', '蓝球区', '60', '51', 99, 88, 77, 66, 55, 44, 33, 22, 11, 0, 0, 0, 0, 0, 0, 0, 0, 0, 0, 0, 1, 99999999.000, 1, 0, 1, '2021-05-07 15:00:00', '2021-05-07 15:00:00');
INSERT INTO `lottery_play_class_group_attribute`(`id`, `lottery_id`, `play_class_group_attribute_id`, `play_tag`, `play_class_tag`, `group_tag`, `group_name`, `attribute_tag`, `attribute_name`, `odds`, `odds_two`, `odds_three`, `odds_four`, `odds_five`, `odds_six`, `odds_seven`, `odds_eight`, `odds_nine`, `odds_ten`, `odds_eleven`, `odds_twelve`, `odds_thirteen`, `odds_fourteen`, `odds_fifteen`, `odds_sixteen`, `odds_seventeen`, `odds_eighteen`, `odds_nineteen`, `odds_twenty`, `min_bets_money`, `max_bets_money`, `status`, `documentary_status`, `sort`, `update_time`, `create_time`) VALUES (33887, 129, 18313, '1811', '18111', '1811110', '蓝球区', '61', '52', 99, 88, 77, 66, 55, 44, 33, 22, 11, 0, 0, 0, 0, 0, 0, 0, 0, 0, 0, 0, 1, 99999999.000, 1, 0, 1, '2021-05-07 15:00:00', '2021-05-07 15:00:00');
INSERT INTO `lottery_play_class_group_attribute`(`id`, `lottery_id`, `play_class_group_attribute_id`, `play_tag`, `play_class_tag`, `group_tag`, `group_name`, `attribute_tag`, `attribute_name`, `odds`, `odds_two`, `odds_three`, `odds_four`, `odds_five`, `odds_six`, `odds_seven`, `odds_eight`, `odds_nine`, `odds_ten`, `odds_eleven`, `odds_twelve`, `odds_thirteen`, `odds_fourteen`, `odds_fifteen`, `odds_sixteen`, `odds_seventeen`, `odds_eighteen`, `odds_nineteen`, `odds_twenty`, `min_bets_money`, `max_bets_money`, `status`, `documentary_status`, `sort`, `update_time`, `create_time`) VALUES (33888, 129, 18314, '1811', '18111', '1811110', '蓝球区', '62', '53', 99, 88, 77, 66, 55, 44, 33, 22, 11, 0, 0, 0, 0, 0, 0, 0, 0, 0, 0, 0, 1, 99999999.000, 1, 0, 1, '2021-05-07 15:00:00', '2021-05-07 15:00:00');
INSERT INTO `lottery_play_class_group_attribute`(`id`, `lottery_id`, `play_class_group_attribute_id`, `play_tag`, `play_class_tag`, `group_tag`, `group_name`, `attribute_tag`, `attribute_name`, `odds`, `odds_two`, `odds_three`, `odds_four`, `odds_five`, `odds_six`, `odds_seven`, `odds_eight`, `odds_nine`, `odds_ten`, `odds_eleven`, `odds_twelve`, `odds_thirteen`, `odds_fourteen`, `odds_fifteen`, `odds_sixteen`, `odds_seventeen`, `odds_eighteen`, `odds_nineteen`, `odds_twenty`, `min_bets_money`, `max_bets_money`, `status`, `documentary_status`, `sort`, `update_time`, `create_time`) VALUES (33889, 129, 18315, '1811', '18111', '1811110', '蓝球区', '63', '54', 99, 88, 77, 66, 55, 44, 33, 22, 11, 0, 0, 0, 0, 0, 0, 0, 0, 0, 0, 0, 1, 99999999.000, 1, 0, 1, '2021-05-07 15:00:00', '2021-05-07 15:00:00');
INSERT INTO `lottery_play_class_group_attribute`(`id`, `lottery_id`, `play_class_group_attribute_id`, `play_tag`, `play_class_tag`, `group_tag`, `group_name`, `attribute_tag`, `attribute_name`, `odds`, `odds_two`, `odds_three`, `odds_four`, `odds_five`, `odds_six`, `odds_seven`, `odds_eight`, `odds_nine`, `odds_ten`, `odds_eleven`, `odds_twelve`, `odds_thirteen`, `odds_fourteen`, `odds_fifteen`, `odds_sixteen`, `odds_seventeen`, `odds_eighteen`, `odds_nineteen`, `odds_twenty`, `min_bets_money`, `max_bets_money`, `status`, `documentary_status`, `sort`, `update_time`, `create_time`) VALUES (33890, 129, 18316, '1811', '18111', '1811110', '蓝球区', '64', '55', 99, 88, 77, 66, 55, 44, 33, 22, 11, 0, 0, 0, 0, 0, 0, 0, 0, 0, 0, 0, 1, 99999999.000, 1, 0, 1, '2021-05-07 15:00:00', '2021-05-07 15:00:00');
INSERT INTO `lottery_play_class_group_attribute`(`id`, `lottery_id`, `play_class_group_attribute_id`, `play_tag`, `play_class_tag`, `group_tag`, `group_name`, `attribute_tag`, `attribute_name`, `odds`, `odds_two`, `odds_three`, `odds_four`, `odds_five`, `odds_six`, `odds_seven`, `odds_eight`, `odds_nine`, `odds_ten`, `odds_eleven`, `odds_twelve`, `odds_thirteen`, `odds_fourteen`, `odds_fifteen`, `odds_sixteen`, `odds_seventeen`, `odds_eighteen`, `odds_nineteen`, `odds_twenty`, `min_bets_money`, `max_bets_money`, `status`, `documentary_status`, `sort`, `update_time`, `create_time`) VALUES (33891, 129, 18317, '1811', '18111', '1811110', '蓝球区', '65', '56', 99, 88, 77, 66, 55, 44, 33, 22, 11, 0, 0, 0, 0, 0, 0, 0, 0, 0, 0, 0, 1, 99999999.000, 1, 0, 1, '2021-05-07 15:00:00', '2021-05-07 15:00:00');
INSERT INTO `lottery_play_class_group_attribute`(`id`, `lottery_id`, `play_class_group_attribute_id`, `play_tag`, `play_class_tag`, `group_tag`, `group_name`, `attribute_tag`, `attribute_name`, `odds`, `odds_two`, `odds_three`, `odds_four`, `odds_five`, `odds_six`, `odds_seven`, `odds_eight`, `odds_nine`, `odds_ten`, `odds_eleven`, `odds_twelve`, `odds_thirteen`, `odds_fourteen`, `odds_fifteen`, `odds_sixteen`, `odds_seventeen`, `odds_eighteen`, `odds_nineteen`, `odds_twenty`, `min_bets_money`, `max_bets_money`, `status`, `documentary_status`, `sort`, `update_time`, `create_time`) VALUES (33892, 129, 18318, '1811', '18111', '1811110', '蓝球区', '66', '57', 99, 88, 77, 66, 55, 44, 33, 22, 11, 0, 0, 0, 0, 0, 0, 0, 0, 0, 0, 0, 1, 99999999.000, 1, 0, 1, '2021-05-07 15:00:00', '2021-05-07 15:00:00');
INSERT INTO `lottery_play_class_group_attribute`(`id`, `lottery_id`, `play_class_group_attribute_id`, `play_tag`, `play_class_tag`, `group_tag`, `group_name`, `attribute_tag`, `attribute_name`, `odds`, `odds_two`, `odds_three`, `odds_four`, `odds_five`, `odds_six`, `odds_seven`, `odds_eight`, `odds_nine`, `odds_ten`, `odds_eleven`, `odds_twelve`, `odds_thirteen`, `odds_fourteen`, `odds_fifteen`, `odds_sixteen`, `odds_seventeen`, `odds_eighteen`, `odds_nineteen`, `odds_twenty`, `min_bets_money`, `max_bets_money`, `status`, `documentary_status`, `sort`, `update_time`, `create_time`) VALUES (33893, 129, 18319, '1811', '18111', '1811110', '蓝球区', '67', '58', 99, 88, 77, 66, 55, 44, 33, 22, 11, 0, 0, 0, 0, 0, 0, 0, 0, 0, 0, 0, 1, 99999999.000, 1, 0, 1, '2021-05-07 15:00:00', '2021-05-07 15:00:00');
INSERT INTO `lottery_play_class_group_attribute`(`id`, `lottery_id`, `play_class_group_attribute_id`, `play_tag`, `play_class_tag`, `group_tag`, `group_name`, `attribute_tag`, `attribute_name`, `odds`, `odds_two`, `odds_three`, `odds_four`, `odds_five`, `odds_six`, `odds_seven`, `odds_eight`, `odds_nine`, `odds_ten`, `odds_eleven`, `odds_twelve`, `odds_thirteen`, `odds_fourteen`, `odds_fifteen`, `odds_sixteen`, `odds_seventeen`, `odds_eighteen`, `odds_nineteen`, `odds_twenty`, `min_bets_money`, `max_bets_money`, `status`, `documentary_status`, `sort`, `update_time`, `create_time`) VALUES (33894, 129, 18320, '1811', '18111', '1811110', '蓝球区', '68', '59', 99, 88, 77, 66, 55, 44, 33, 22, 11, 0, 0, 0, 0, 0, 0, 0, 0, 0, 0, 0, 1, 99999999.000, 1, 0, 1, '2021-05-07 15:00:00', '2021-05-07 15:00:00');
INSERT INTO `lottery_play_class_group_attribute`(`id`, `lottery_id`, `play_class_group_attribute_id`, `play_tag`, `play_class_tag`, `group_tag`, `group_name`, `attribute_tag`, `attribute_name`, `odds`, `odds_two`, `odds_three`, `odds_four`, `odds_five`, `odds_six`, `odds_seven`, `odds_eight`, `odds_nine`, `odds_ten`, `odds_eleven`, `odds_twelve`, `odds_thirteen`, `odds_fourteen`, `odds_fifteen`, `odds_sixteen`, `odds_seventeen`, `odds_eighteen`, `odds_nineteen`, `odds_twenty`, `min_bets_money`, `max_bets_money`, `status`, `documentary_status`, `sort`, `update_time`, `create_time`) VALUES (33895, 129, 18321, '1811', '18111', '1811110', '蓝球区', '69', '60', 99, 88, 77, 66, 55, 44, 33, 22, 11, 0, 0, 0, 0, 0, 0, 0, 0, 0, 0, 0, 1, 99999999.000, 1, 0, 1, '2021-05-07 15:00:00', '2021-05-07 15:00:00');
INSERT INTO `lottery_play_class_group_attribute`(`id`, `lottery_id`, `play_class_group_attribute_id`, `play_tag`, `play_class_tag`, `group_tag`, `group_name`, `attribute_tag`, `attribute_name`, `odds`, `odds_two`, `odds_three`, `odds_four`, `odds_five`, `odds_six`, `odds_seven`, `odds_eight`, `odds_nine`, `odds_ten`, `odds_eleven`, `odds_twelve`, `odds_thirteen`, `odds_fourteen`, `odds_fifteen`, `odds_sixteen`, `odds_seventeen`, `odds_eighteen`, `odds_nineteen`, `odds_twenty`, `min_bets_money`, `max_bets_money`, `status`, `documentary_status`, `sort`, `update_time`, `create_time`) VALUES (33896, 129, 18322, '1811', '18111', '1811110', '蓝球区', '70', '61', 99, 88, 77, 66, 55, 44, 33, 22, 11, 0, 0, 0, 0, 0, 0, 0, 0, 0, 0, 0, 1, 99999999.000, 1, 0, 1, '2021-05-07 15:00:00', '2021-05-07 15:00:00');
INSERT INTO `lottery_play_class_group_attribute`(`id`, `lottery_id`, `play_class_group_attribute_id`, `play_tag`, `play_class_tag`, `group_tag`, `group_name`, `attribute_tag`, `attribute_name`, `odds`, `odds_two`, `odds_three`, `odds_four`, `odds_five`, `odds_six`, `odds_seven`, `odds_eight`, `odds_nine`, `odds_ten`, `odds_eleven`, `odds_twelve`, `odds_thirteen`, `odds_fourteen`, `odds_fifteen`, `odds_sixteen`, `odds_seventeen`, `odds_eighteen`, `odds_nineteen`, `odds_twenty`, `min_bets_money`, `max_bets_money`, `status`, `documentary_status`, `sort`, `update_time`, `create_time`) VALUES (33897, 129, 18323, '1811', '18111', '1811110', '蓝球区', '71', '62', 99, 88, 77, 66, 55, 44, 33, 22, 11, 0, 0, 0, 0, 0, 0, 0, 0, 0, 0, 0, 1, 99999999.000, 1, 0, 1, '2021-05-07 15:00:00', '2021-05-07 15:00:00');
INSERT INTO `lottery_play_class_group_attribute`(`id`, `lottery_id`, `play_class_group_attribute_id`, `play_tag`, `play_class_tag`, `group_tag`, `group_name`, `attribute_tag`, `attribute_name`, `odds`, `odds_two`, `odds_three`, `odds_four`, `odds_five`, `odds_six`, `odds_seven`, `odds_eight`, `odds_nine`, `odds_ten`, `odds_eleven`, `odds_twelve`, `odds_thirteen`, `odds_fourteen`, `odds_fifteen`, `odds_sixteen`, `odds_seventeen`, `odds_eighteen`, `odds_nineteen`, `odds_twenty`, `min_bets_money`, `max_bets_money`, `status`, `documentary_status`, `sort`, `update_time`, `create_time`) VALUES (33898, 129, 18324, '1811', '18111', '1811110', '蓝球区', '72', '63', 99, 88, 77, 66, 55, 44, 33, 22, 11, 0, 0, 0, 0, 0, 0, 0, 0, 0, 0, 0, 1, 99999999.000, 1, 0, 1, '2021-05-07 15:00:00', '2021-05-07 15:00:00');
INSERT INTO `lottery_play_class_group_attribute`(`id`, `lottery_id`, `play_class_group_attribute_id`, `play_tag`, `play_class_tag`, `group_tag`, `group_name`, `attribute_tag`, `attribute_name`, `odds`, `odds_two`, `odds_three`, `odds_four`, `odds_five`, `odds_six`, `odds_seven`, `odds_eight`, `odds_nine`, `odds_ten`, `odds_eleven`, `odds_twelve`, `odds_thirteen`, `odds_fourteen`, `odds_fifteen`, `odds_sixteen`, `odds_seventeen`, `odds_eighteen`, `odds_nineteen`, `odds_twenty`, `min_bets_money`, `max_bets_money`, `status`, `documentary_status`, `sort`, `update_time`, `create_time`) VALUES (33899, 129, 18325, '1811', '18111', '1811110', '蓝球区', '73', '64', 99, 88, 77, 66, 55, 44, 33, 22, 11, 0, 0, 0, 0, 0, 0, 0, 0, 0, 0, 0, 1, 99999999.000, 1, 0, 1, '2021-05-07 15:00:00', '2021-05-07 15:00:00');
INSERT INTO `lottery_play_class_group_attribute`(`id`, `lottery_id`, `play_class_group_attribute_id`, `play_tag`, `play_class_tag`, `group_tag`, `group_name`, `attribute_tag`, `attribute_name`, `odds`, `odds_two`, `odds_three`, `odds_four`, `odds_five`, `odds_six`, `odds_seven`, `odds_eight`, `odds_nine`, `odds_ten`, `odds_eleven`, `odds_twelve`, `odds_thirteen`, `odds_fourteen`, `odds_fifteen`, `odds_sixteen`, `odds_seventeen`, `odds_eighteen`, `odds_nineteen`, `odds_twenty`, `min_bets_money`, `max_bets_money`, `status`, `documentary_status`, `sort`, `update_time`, `create_time`) VALUES (33900, 129, 18326, '1811', '18111', '1811110', '蓝球区', '74', '65', 99, 88, 77, 66, 55, 44, 33, 22, 11, 0, 0, 0, 0, 0, 0, 0, 0, 0, 0, 0, 1, 99999999.000, 1, 0, 1, '2021-05-07 15:00:00', '2021-05-07 15:00:00');
INSERT INTO `lottery_play_class_group_attribute`(`id`, `lottery_id`, `play_class_group_attribute_id`, `play_tag`, `play_class_tag`, `group_tag`, `group_name`, `attribute_tag`, `attribute_name`, `odds`, `odds_two`, `odds_three`, `odds_four`, `odds_five`, `odds_six`, `odds_seven`, `odds_eight`, `odds_nine`, `odds_ten`, `odds_eleven`, `odds_twelve`, `odds_thirteen`, `odds_fourteen`, `odds_fifteen`, `odds_sixteen`, `odds_seventeen`, `odds_eighteen`, `odds_nineteen`, `odds_twenty`, `min_bets_money`, `max_bets_money`, `status`, `documentary_status`, `sort`, `update_time`, `create_time`) VALUES (33901, 129, 18327, '1811', '18111', '1811110', '蓝球区', '75', '66', 99, 88, 77, 66, 55, 44, 33, 22, 11, 0, 0, 0, 0, 0, 0, 0, 0, 0, 0, 0, 1, 99999999.000, 1, 0, 1, '2021-05-07 15:00:00', '2021-05-07 15:00:00');
INSERT INTO `lottery_play_class_group_attribute`(`id`, `lottery_id`, `play_class_group_attribute_id`, `play_tag`, `play_class_tag`, `group_tag`, `group_name`, `attribute_tag`, `attribute_name`, `odds`, `odds_two`, `odds_three`, `odds_four`, `odds_five`, `odds_six`, `odds_seven`, `odds_eight`, `odds_nine`, `odds_ten`, `odds_eleven`, `odds_twelve`, `odds_thirteen`, `odds_fourteen`, `odds_fifteen`, `odds_sixteen`, `odds_seventeen`, `odds_eighteen`, `odds_nineteen`, `odds_twenty`, `min_bets_money`, `max_bets_money`, `status`, `documentary_status`, `sort`, `update_time`, `create_time`) VALUES (33902, 129, 18328, '1811', '18111', '1811110', '蓝球区', '76', '67', 99, 88, 77, 66, 55, 44, 33, 22, 11, 0, 0, 0, 0, 0, 0, 0, 0, 0, 0, 0, 1, 99999999.000, 1, 0, 1, '2021-05-07 15:00:00', '2021-05-07 15:00:00');
INSERT INTO `lottery_play_class_group_attribute`(`id`, `lottery_id`, `play_class_group_attribute_id`, `play_tag`, `play_class_tag`, `group_tag`, `group_name`, `attribute_tag`, `attribute_name`, `odds`, `odds_two`, `odds_three`, `odds_four`, `odds_five`, `odds_six`, `odds_seven`, `odds_eight`, `odds_nine`, `odds_ten`, `odds_eleven`, `odds_twelve`, `odds_thirteen`, `odds_fourteen`, `odds_fifteen`, `odds_sixteen`, `odds_seventeen`, `odds_eighteen`, `odds_nineteen`, `odds_twenty`, `min_bets_money`, `max_bets_money`, `status`, `documentary_status`, `sort`, `update_time`, `create_time`) VALUES (33903, 129, 18329, '1811', '18111', '1811110', '蓝球区', '77', '68', 99, 88, 77, 66, 55, 44, 33, 22, 11, 0, 0, 0, 0, 0, 0, 0, 0, 0, 0, 0, 1, 99999999.000, 1, 0, 1, '2021-05-07 15:00:00', '2021-05-07 15:00:00');
INSERT INTO `lottery_play_class_group_attribute`(`id`, `lottery_id`, `play_class_group_attribute_id`, `play_tag`, `play_class_tag`, `group_tag`, `group_name`, `attribute_tag`, `attribute_name`, `odds`, `odds_two`, `odds_three`, `odds_four`, `odds_five`, `odds_six`, `odds_seven`, `odds_eight`, `odds_nine`, `odds_ten`, `odds_eleven`, `odds_twelve`, `odds_thirteen`, `odds_fourteen`, `odds_fifteen`, `odds_sixteen`, `odds_seventeen`, `odds_eighteen`, `odds_nineteen`, `odds_twenty`, `min_bets_money`, `max_bets_money`, `status`, `documentary_status`, `sort`, `update_time`, `create_time`) VALUES (33904, 129, 18330, '1811', '18111', '1811110', '蓝球区', '78', '69', 99, 88, 77, 66, 55, 44, 33, 22, 11, 0, 0, 0, 0, 0, 0, 0, 0, 0, 0, 0, 1, 99999999.000, 1, 0, 1, '2021-05-07 15:00:00', '2021-05-07 15:00:00');
INSERT INTO `lottery_play_class_group_attribute`(`id`, `lottery_id`, `play_class_group_attribute_id`, `play_tag`, `play_class_tag`, `group_tag`, `group_name`, `attribute_tag`, `attribute_name`, `odds`, `odds_two`, `odds_three`, `odds_four`, `odds_five`, `odds_six`, `odds_seven`, `odds_eight`, `odds_nine`, `odds_ten`, `odds_eleven`, `odds_twelve`, `odds_thirteen`, `odds_fourteen`, `odds_fifteen`, `odds_sixteen`, `odds_seventeen`, `odds_eighteen`, `odds_nineteen`, `odds_twenty`, `min_bets_money`, `max_bets_money`, `status`, `documentary_status`, `sort`, `update_time`, `create_time`) VALUES (33905, 129, 18331, '1811', '18111', '1811111', '红球区', '10', '1', 99, 88, 77, 66, 55, 44, 33, 22, 11, 0, 0, 0, 0, 0, 0, 0, 0, 0, 0, 0, 1, 99999999.000, 1, 0, 1, '2021-05-07 15:00:00', '2021-05-07 15:00:00');
INSERT INTO `lottery_play_class_group_attribute`(`id`, `lottery_id`, `play_class_group_attribute_id`, `play_tag`, `play_class_tag`, `group_tag`, `group_name`, `attribute_tag`, `attribute_name`, `odds`, `odds_two`, `odds_three`, `odds_four`, `odds_five`, `odds_six`, `odds_seven`, `odds_eight`, `odds_nine`, `odds_ten`, `odds_eleven`, `odds_twelve`, `odds_thirteen`, `odds_fourteen`, `odds_fifteen`, `odds_sixteen`, `odds_seventeen`, `odds_eighteen`, `odds_nineteen`, `odds_twenty`, `min_bets_money`, `max_bets_money`, `status`, `documentary_status`, `sort`, `update_time`, `create_time`) VALUES (33906, 129, 18332, '1811', '18111', '1811111', '红球区', '11', '2', 99, 88, 77, 66, 55, 44, 33, 22, 11, 0, 0, 0, 0, 0, 0, 0, 0, 0, 0, 0, 1, 99999999.000, 1, 0, 1, '2021-05-07 15:00:00', '2021-05-07 15:00:00');
INSERT INTO `lottery_play_class_group_attribute`(`id`, `lottery_id`, `play_class_group_attribute_id`, `play_tag`, `play_class_tag`, `group_tag`, `group_name`, `attribute_tag`, `attribute_name`, `odds`, `odds_two`, `odds_three`, `odds_four`, `odds_five`, `odds_six`, `odds_seven`, `odds_eight`, `odds_nine`, `odds_ten`, `odds_eleven`, `odds_twelve`, `odds_thirteen`, `odds_fourteen`, `odds_fifteen`, `odds_sixteen`, `odds_seventeen`, `odds_eighteen`, `odds_nineteen`, `odds_twenty`, `min_bets_money`, `max_bets_money`, `status`, `documentary_status`, `sort`, `update_time`, `create_time`) VALUES (33907, 129, 18333, '1811', '18111', '1811111', '红球区', '12', '3', 99, 88, 77, 66, 55, 44, 33, 22, 11, 0, 0, 0, 0, 0, 0, 0, 0, 0, 0, 0, 1, 99999999.000, 1, 0, 1, '2021-05-07 15:00:00', '2021-05-07 15:00:00');
INSERT INTO `lottery_play_class_group_attribute`(`id`, `lottery_id`, `play_class_group_attribute_id`, `play_tag`, `play_class_tag`, `group_tag`, `group_name`, `attribute_tag`, `attribute_name`, `odds`, `odds_two`, `odds_three`, `odds_four`, `odds_five`, `odds_six`, `odds_seven`, `odds_eight`, `odds_nine`, `odds_ten`, `odds_eleven`, `odds_twelve`, `odds_thirteen`, `odds_fourteen`, `odds_fifteen`, `odds_sixteen`, `odds_seventeen`, `odds_eighteen`, `odds_nineteen`, `odds_twenty`, `min_bets_money`, `max_bets_money`, `status`, `documentary_status`, `sort`, `update_time`, `create_time`) VALUES (33908, 129, 18334, '1811', '18111', '1811111', '红球区', '13', '4', 99, 88, 77, 66, 55, 44, 33, 22, 11, 0, 0, 0, 0, 0, 0, 0, 0, 0, 0, 0, 1, 99999999.000, 1, 0, 1, '2021-05-07 15:00:00', '2021-05-07 15:00:00');
INSERT INTO `lottery_play_class_group_attribute`(`id`, `lottery_id`, `play_class_group_attribute_id`, `play_tag`, `play_class_tag`, `group_tag`, `group_name`, `attribute_tag`, `attribute_name`, `odds`, `odds_two`, `odds_three`, `odds_four`, `odds_five`, `odds_six`, `odds_seven`, `odds_eight`, `odds_nine`, `odds_ten`, `odds_eleven`, `odds_twelve`, `odds_thirteen`, `odds_fourteen`, `odds_fifteen`, `odds_sixteen`, `odds_seventeen`, `odds_eighteen`, `odds_nineteen`, `odds_twenty`, `min_bets_money`, `max_bets_money`, `status`, `documentary_status`, `sort`, `update_time`, `create_time`) VALUES (33909, 129, 18335, '1811', '18111', '1811111', '红球区', '14', '5', 99, 88, 77, 66, 55, 44, 33, 22, 11, 0, 0, 0, 0, 0, 0, 0, 0, 0, 0, 0, 1, 99999999.000, 1, 0, 1, '2021-05-07 15:00:00', '2021-05-07 15:00:00');
INSERT INTO `lottery_play_class_group_attribute`(`id`, `lottery_id`, `play_class_group_attribute_id`, `play_tag`, `play_class_tag`, `group_tag`, `group_name`, `attribute_tag`, `attribute_name`, `odds`, `odds_two`, `odds_three`, `odds_four`, `odds_five`, `odds_six`, `odds_seven`, `odds_eight`, `odds_nine`, `odds_ten`, `odds_eleven`, `odds_twelve`, `odds_thirteen`, `odds_fourteen`, `odds_fifteen`, `odds_sixteen`, `odds_seventeen`, `odds_eighteen`, `odds_nineteen`, `odds_twenty`, `min_bets_money`, `max_bets_money`, `status`, `documentary_status`, `sort`, `update_time`, `create_time`) VALUES (33910, 129, 18336, '1811', '18111', '1811111', '红球区', '15', '6', 99, 88, 77, 66, 55, 44, 33, 22, 11, 0, 0, 0, 0, 0, 0, 0, 0, 0, 0, 0, 1, 99999999.000, 1, 0, 1, '2021-05-07 15:00:00', '2021-05-07 15:00:00');
INSERT INTO `lottery_play_class_group_attribute`(`id`, `lottery_id`, `play_class_group_attribute_id`, `play_tag`, `play_class_tag`, `group_tag`, `group_name`, `attribute_tag`, `attribute_name`, `odds`, `odds_two`, `odds_three`, `odds_four`, `odds_five`, `odds_six`, `odds_seven`, `odds_eight`, `odds_nine`, `odds_ten`, `odds_eleven`, `odds_twelve`, `odds_thirteen`, `odds_fourteen`, `odds_fifteen`, `odds_sixteen`, `odds_seventeen`, `odds_eighteen`, `odds_nineteen`, `odds_twenty`, `min_bets_money`, `max_bets_money`, `status`, `documentary_status`, `sort`, `update_time`, `create_time`) VALUES (33911, 129, 18337, '1811', '18111', '1811111', '红球区', '16', '7', 99, 88, 77, 66, 55, 44, 33, 22, 11, 0, 0, 0, 0, 0, 0, 0, 0, 0, 0, 0, 1, 99999999.000, 1, 0, 1, '2021-05-07 15:00:00', '2021-05-07 15:00:00');
INSERT INTO `lottery_play_class_group_attribute`(`id`, `lottery_id`, `play_class_group_attribute_id`, `play_tag`, `play_class_tag`, `group_tag`, `group_name`, `attribute_tag`, `attribute_name`, `odds`, `odds_two`, `odds_three`, `odds_four`, `odds_five`, `odds_six`, `odds_seven`, `odds_eight`, `odds_nine`, `odds_ten`, `odds_eleven`, `odds_twelve`, `odds_thirteen`, `odds_fourteen`, `odds_fifteen`, `odds_sixteen`, `odds_seventeen`, `odds_eighteen`, `odds_nineteen`, `odds_twenty`, `min_bets_money`, `max_bets_money`, `status`, `documentary_status`, `sort`, `update_time`, `create_time`) VALUES (33912, 129, 18338, '1811', '18111', '1811111', '红球区', '17', '8', 99, 88, 77, 66, 55, 44, 33, 22, 11, 0, 0, 0, 0, 0, 0, 0, 0, 0, 0, 0, 1, 99999999.000, 1, 0, 1, '2021-05-07 15:00:00', '2021-05-07 15:00:00');
INSERT INTO `lottery_play_class_group_attribute`(`id`, `lottery_id`, `play_class_group_attribute_id`, `play_tag`, `play_class_tag`, `group_tag`, `group_name`, `attribute_tag`, `attribute_name`, `odds`, `odds_two`, `odds_three`, `odds_four`, `odds_five`, `odds_six`, `odds_seven`, `odds_eight`, `odds_nine`, `odds_ten`, `odds_eleven`, `odds_twelve`, `odds_thirteen`, `odds_fourteen`, `odds_fifteen`, `odds_sixteen`, `odds_seventeen`, `odds_eighteen`, `odds_nineteen`, `odds_twenty`, `min_bets_money`, `max_bets_money`, `status`, `documentary_status`, `sort`, `update_time`, `create_time`) VALUES (33913, 129, 18339, '1811', '18111', '1811111', '红球区', '18', '9', 99, 88, 77, 66, 55, 44, 33, 22, 11, 0, 0, 0, 0, 0, 0, 0, 0, 0, 0, 0, 1, 99999999.000, 1, 0, 1, '2021-05-07 15:00:00', '2021-05-07 15:00:00');
INSERT INTO `lottery_play_class_group_attribute`(`id`, `lottery_id`, `play_class_group_attribute_id`, `play_tag`, `play_class_tag`, `group_tag`, `group_name`, `attribute_tag`, `attribute_name`, `odds`, `odds_two`, `odds_three`, `odds_four`, `odds_five`, `odds_six`, `odds_seven`, `odds_eight`, `odds_nine`, `odds_ten`, `odds_eleven`, `odds_twelve`, `odds_thirteen`, `odds_fourteen`, `odds_fifteen`, `odds_sixteen`, `odds_seventeen`, `odds_eighteen`, `odds_nineteen`, `odds_twenty`, `min_bets_money`, `max_bets_money`, `status`, `documentary_status`, `sort`, `update_time`, `create_time`) VALUES (33914, 129, 18340, '1811', '18111', '1811111', '红球区', '19', '10', 99, 88, 77, 66, 55, 44, 33, 22, 11, 0, 0, 0, 0, 0, 0, 0, 0, 0, 0, 0, 1, 99999999.000, 1, 0, 1, '2021-05-07 15:00:00', '2021-05-07 15:00:00');
INSERT INTO `lottery_play_class_group_attribute`(`id`, `lottery_id`, `play_class_group_attribute_id`, `play_tag`, `play_class_tag`, `group_tag`, `group_name`, `attribute_tag`, `attribute_name`, `odds`, `odds_two`, `odds_three`, `odds_four`, `odds_five`, `odds_six`, `odds_seven`, `odds_eight`, `odds_nine`, `odds_ten`, `odds_eleven`, `odds_twelve`, `odds_thirteen`, `odds_fourteen`, `odds_fifteen`, `odds_sixteen`, `odds_seventeen`, `odds_eighteen`, `odds_nineteen`, `odds_twenty`, `min_bets_money`, `max_bets_money`, `status`, `documentary_status`, `sort`, `update_time`, `create_time`) VALUES (33915, 129, 18341, '1811', '18111', '1811111', '红球区', '20', '11', 99, 88, 77, 66, 55, 44, 33, 22, 11, 0, 0, 0, 0, 0, 0, 0, 0, 0, 0, 0, 1, 99999999.000, 1, 0, 1, '2021-05-07 15:00:00', '2021-05-07 15:00:00');
INSERT INTO `lottery_play_class_group_attribute`(`id`, `lottery_id`, `play_class_group_attribute_id`, `play_tag`, `play_class_tag`, `group_tag`, `group_name`, `attribute_tag`, `attribute_name`, `odds`, `odds_two`, `odds_three`, `odds_four`, `odds_five`, `odds_six`, `odds_seven`, `odds_eight`, `odds_nine`, `odds_ten`, `odds_eleven`, `odds_twelve`, `odds_thirteen`, `odds_fourteen`, `odds_fifteen`, `odds_sixteen`, `odds_seventeen`, `odds_eighteen`, `odds_nineteen`, `odds_twenty`, `min_bets_money`, `max_bets_money`, `status`, `documentary_status`, `sort`, `update_time`, `create_time`) VALUES (33916, 129, 18342, '1811', '18111', '1811111', '红球区', '21', '12', 99, 88, 77, 66, 55, 44, 33, 22, 11, 0, 0, 0, 0, 0, 0, 0, 0, 0, 0, 0, 1, 99999999.000, 1, 0, 1, '2021-05-07 15:00:00', '2021-05-07 15:00:00');
INSERT INTO `lottery_play_class_group_attribute`(`id`, `lottery_id`, `play_class_group_attribute_id`, `play_tag`, `play_class_tag`, `group_tag`, `group_name`, `attribute_tag`, `attribute_name`, `odds`, `odds_two`, `odds_three`, `odds_four`, `odds_five`, `odds_six`, `odds_seven`, `odds_eight`, `odds_nine`, `odds_ten`, `odds_eleven`, `odds_twelve`, `odds_thirteen`, `odds_fourteen`, `odds_fifteen`, `odds_sixteen`, `odds_seventeen`, `odds_eighteen`, `odds_nineteen`, `odds_twenty`, `min_bets_money`, `max_bets_money`, `status`, `documentary_status`, `sort`, `update_time`, `create_time`) VALUES (33917, 129, 18343, '1811', '18111', '1811111', '红球区', '22', '13', 99, 88, 77, 66, 55, 44, 33, 22, 11, 0, 0, 0, 0, 0, 0, 0, 0, 0, 0, 0, 1, 99999999.000, 1, 0, 1, '2021-05-07 15:00:00', '2021-05-07 15:00:00');
INSERT INTO `lottery_play_class_group_attribute`(`id`, `lottery_id`, `play_class_group_attribute_id`, `play_tag`, `play_class_tag`, `group_tag`, `group_name`, `attribute_tag`, `attribute_name`, `odds`, `odds_two`, `odds_three`, `odds_four`, `odds_five`, `odds_six`, `odds_seven`, `odds_eight`, `odds_nine`, `odds_ten`, `odds_eleven`, `odds_twelve`, `odds_thirteen`, `odds_fourteen`, `odds_fifteen`, `odds_sixteen`, `odds_seventeen`, `odds_eighteen`, `odds_nineteen`, `odds_twenty`, `min_bets_money`, `max_bets_money`, `status`, `documentary_status`, `sort`, `update_time`, `create_time`) VALUES (33918, 129, 18344, '1811', '18111', '1811111', '红球区', '23', '14', 99, 88, 77, 66, 55, 44, 33, 22, 11, 0, 0, 0, 0, 0, 0, 0, 0, 0, 0, 0, 1, 99999999.000, 1, 0, 1, '2021-05-07 15:00:00', '2021-05-07 15:00:00');
INSERT INTO `lottery_play_class_group_attribute`(`id`, `lottery_id`, `play_class_group_attribute_id`, `play_tag`, `play_class_tag`, `group_tag`, `group_name`, `attribute_tag`, `attribute_name`, `odds`, `odds_two`, `odds_three`, `odds_four`, `odds_five`, `odds_six`, `odds_seven`, `odds_eight`, `odds_nine`, `odds_ten`, `odds_eleven`, `odds_twelve`, `odds_thirteen`, `odds_fourteen`, `odds_fifteen`, `odds_sixteen`, `odds_seventeen`, `odds_eighteen`, `odds_nineteen`, `odds_twenty`, `min_bets_money`, `max_bets_money`, `status`, `documentary_status`, `sort`, `update_time`, `create_time`) VALUES (33919, 129, 18345, '1811', '18111', '1811111', '红球区', '24', '15', 99, 88, 77, 66, 55, 44, 33, 22, 11, 0, 0, 0, 0, 0, 0, 0, 0, 0, 0, 0, 1, 99999999.000, 1, 0, 1, '2021-05-07 15:00:00', '2021-05-07 15:00:00');
INSERT INTO `lottery_play_class_group_attribute`(`id`, `lottery_id`, `play_class_group_attribute_id`, `play_tag`, `play_class_tag`, `group_tag`, `group_name`, `attribute_tag`, `attribute_name`, `odds`, `odds_two`, `odds_three`, `odds_four`, `odds_five`, `odds_six`, `odds_seven`, `odds_eight`, `odds_nine`, `odds_ten`, `odds_eleven`, `odds_twelve`, `odds_thirteen`, `odds_fourteen`, `odds_fifteen`, `odds_sixteen`, `odds_seventeen`, `odds_eighteen`, `odds_nineteen`, `odds_twenty`, `min_bets_money`, `max_bets_money`, `status`, `documentary_status`, `sort`, `update_time`, `create_time`) VALUES (33920, 129, 18346, '1811', '18111', '1811111', '红球区', '25', '16', 99, 88, 77, 66, 55, 44, 33, 22, 11, 0, 0, 0, 0, 0, 0, 0, 0, 0, 0, 0, 1, 99999999.000, 1, 0, 1, '2021-05-07 15:00:00', '2021-05-07 15:00:00');
INSERT INTO `lottery_play_class_group_attribute`(`id`, `lottery_id`, `play_class_group_attribute_id`, `play_tag`, `play_class_tag`, `group_tag`, `group_name`, `attribute_tag`, `attribute_name`, `odds`, `odds_two`, `odds_three`, `odds_four`, `odds_five`, `odds_six`, `odds_seven`, `odds_eight`, `odds_nine`, `odds_ten`, `odds_eleven`, `odds_twelve`, `odds_thirteen`, `odds_fourteen`, `odds_fifteen`, `odds_sixteen`, `odds_seventeen`, `odds_eighteen`, `odds_nineteen`, `odds_twenty`, `min_bets_money`, `max_bets_money`, `status`, `documentary_status`, `sort`, `update_time`, `create_time`) VALUES (33921, 129, 18347, '1811', '18111', '1811111', '红球区', '26', '17', 99, 88, 77, 66, 55, 44, 33, 22, 11, 0, 0, 0, 0, 0, 0, 0, 0, 0, 0, 0, 1, 99999999.000, 1, 0, 1, '2021-05-07 15:00:00', '2021-05-07 15:00:00');
INSERT INTO `lottery_play_class_group_attribute`(`id`, `lottery_id`, `play_class_group_attribute_id`, `play_tag`, `play_class_tag`, `group_tag`, `group_name`, `attribute_tag`, `attribute_name`, `odds`, `odds_two`, `odds_three`, `odds_four`, `odds_five`, `odds_six`, `odds_seven`, `odds_eight`, `odds_nine`, `odds_ten`, `odds_eleven`, `odds_twelve`, `odds_thirteen`, `odds_fourteen`, `odds_fifteen`, `odds_sixteen`, `odds_seventeen`, `odds_eighteen`, `odds_nineteen`, `odds_twenty`, `min_bets_money`, `max_bets_money`, `status`, `documentary_status`, `sort`, `update_time`, `create_time`) VALUES (33922, 129, 18348, '1811', '18111', '1811111', '红球区', '27', '18', 99, 88, 77, 66, 55, 44, 33, 22, 11, 0, 0, 0, 0, 0, 0, 0, 0, 0, 0, 0, 1, 99999999.000, 1, 0, 1, '2021-05-07 15:00:00', '2021-05-07 15:00:00');
INSERT INTO `lottery_play_class_group_attribute`(`id`, `lottery_id`, `play_class_group_attribute_id`, `play_tag`, `play_class_tag`, `group_tag`, `group_name`, `attribute_tag`, `attribute_name`, `odds`, `odds_two`, `odds_three`, `odds_four`, `odds_five`, `odds_six`, `odds_seven`, `odds_eight`, `odds_nine`, `odds_ten`, `odds_eleven`, `odds_twelve`, `odds_thirteen`, `odds_fourteen`, `odds_fifteen`, `odds_sixteen`, `odds_seventeen`, `odds_eighteen`, `odds_nineteen`, `odds_twenty`, `min_bets_money`, `max_bets_money`, `status`, `documentary_status`, `sort`, `update_time`, `create_time`) VALUES (33923, 129, 18349, '1811', '18111', '1811111', '红球区', '28', '19', 99, 88, 77, 66, 55, 44, 33, 22, 11, 0, 0, 0, 0, 0, 0, 0, 0, 0, 0, 0, 1, 99999999.000, 1, 0, 1, '2021-05-07 15:00:00', '2021-05-07 15:00:00');
INSERT INTO `lottery_play_class_group_attribute`(`id`, `lottery_id`, `play_class_group_attribute_id`, `play_tag`, `play_class_tag`, `group_tag`, `group_name`, `attribute_tag`, `attribute_name`, `odds`, `odds_two`, `odds_three`, `odds_four`, `odds_five`, `odds_six`, `odds_seven`, `odds_eight`, `odds_nine`, `odds_ten`, `odds_eleven`, `odds_twelve`, `odds_thirteen`, `odds_fourteen`, `odds_fifteen`, `odds_sixteen`, `odds_seventeen`, `odds_eighteen`, `odds_nineteen`, `odds_twenty`, `min_bets_money`, `max_bets_money`, `status`, `documentary_status`, `sort`, `update_time`, `create_time`) VALUES (33924, 129, 18350, '1811', '18111', '1811111', '红球区', '29', '20', 99, 88, 77, 66, 55, 44, 33, 22, 11, 0, 0, 0, 0, 0, 0, 0, 0, 0, 0, 0, 1, 99999999.000, 1, 0, 1, '2021-05-07 15:00:00', '2021-05-07 15:00:00');
INSERT INTO `lottery_play_class_group_attribute`(`id`, `lottery_id`, `play_class_group_attribute_id`, `play_tag`, `play_class_tag`, `group_tag`, `group_name`, `attribute_tag`, `attribute_name`, `odds`, `odds_two`, `odds_three`, `odds_four`, `odds_five`, `odds_six`, `odds_seven`, `odds_eight`, `odds_nine`, `odds_ten`, `odds_eleven`, `odds_twelve`, `odds_thirteen`, `odds_fourteen`, `odds_fifteen`, `odds_sixteen`, `odds_seventeen`, `odds_eighteen`, `odds_nineteen`, `odds_twenty`, `min_bets_money`, `max_bets_money`, `status`, `documentary_status`, `sort`, `update_time`, `create_time`) VALUES (33925, 129, 18351, '1811', '18111', '1811111', '红球区', '30', '21', 99, 88, 77, 66, 55, 44, 33, 22, 11, 0, 0, 0, 0, 0, 0, 0, 0, 0, 0, 0, 1, 99999999.000, 1, 0, 1, '2021-05-07 15:00:00', '2021-05-07 15:00:00');
INSERT INTO `lottery_play_class_group_attribute`(`id`, `lottery_id`, `play_class_group_attribute_id`, `play_tag`, `play_class_tag`, `group_tag`, `group_name`, `attribute_tag`, `attribute_name`, `odds`, `odds_two`, `odds_three`, `odds_four`, `odds_five`, `odds_six`, `odds_seven`, `odds_eight`, `odds_nine`, `odds_ten`, `odds_eleven`, `odds_twelve`, `odds_thirteen`, `odds_fourteen`, `odds_fifteen`, `odds_sixteen`, `odds_seventeen`, `odds_eighteen`, `odds_nineteen`, `odds_twenty`, `min_bets_money`, `max_bets_money`, `status`, `documentary_status`, `sort`, `update_time`, `create_time`) VALUES (33926, 129, 18352, '1811', '18111', '1811111', '红球区', '31', '22', 99, 88, 77, 66, 55, 44, 33, 22, 11, 0, 0, 0, 0, 0, 0, 0, 0, 0, 0, 0, 1, 99999999.000, 1, 0, 1, '2021-05-07 15:00:00', '2021-05-07 15:00:00');
INSERT INTO `lottery_play_class_group_attribute`(`id`, `lottery_id`, `play_class_group_attribute_id`, `play_tag`, `play_class_tag`, `group_tag`, `group_name`, `attribute_tag`, `attribute_name`, `odds`, `odds_two`, `odds_three`, `odds_four`, `odds_five`, `odds_six`, `odds_seven`, `odds_eight`, `odds_nine`, `odds_ten`, `odds_eleven`, `odds_twelve`, `odds_thirteen`, `odds_fourteen`, `odds_fifteen`, `odds_sixteen`, `odds_seventeen`, `odds_eighteen`, `odds_nineteen`, `odds_twenty`, `min_bets_money`, `max_bets_money`, `status`, `documentary_status`, `sort`, `update_time`, `create_time`) VALUES (33927, 129, 18353, '1811', '18111', '1811111', '红球区', '32', '23', 99, 88, 77, 66, 55, 44, 33, 22, 11, 0, 0, 0, 0, 0, 0, 0, 0, 0, 0, 0, 1, 99999999.000, 1, 0, 1, '2021-05-07 15:00:00', '2021-05-07 15:00:00');
INSERT INTO `lottery_play_class_group_attribute`(`id`, `lottery_id`, `play_class_group_attribute_id`, `play_tag`, `play_class_tag`, `group_tag`, `group_name`, `attribute_tag`, `attribute_name`, `odds`, `odds_two`, `odds_three`, `odds_four`, `odds_five`, `odds_six`, `odds_seven`, `odds_eight`, `odds_nine`, `odds_ten`, `odds_eleven`, `odds_twelve`, `odds_thirteen`, `odds_fourteen`, `odds_fifteen`, `odds_sixteen`, `odds_seventeen`, `odds_eighteen`, `odds_nineteen`, `odds_twenty`, `min_bets_money`, `max_bets_money`, `status`, `documentary_status`, `sort`, `update_time`, `create_time`) VALUES (33928, 129, 18354, '1811', '18111', '1811111', '红球区', '33', '24', 99, 88, 77, 66, 55, 44, 33, 22, 11, 0, 0, 0, 0, 0, 0, 0, 0, 0, 0, 0, 1, 99999999.000, 1, 0, 1, '2021-05-07 15:00:00', '2021-05-07 15:00:00');
INSERT INTO `lottery_play_class_group_attribute`(`id`, `lottery_id`, `play_class_group_attribute_id`, `play_tag`, `play_class_tag`, `group_tag`, `group_name`, `attribute_tag`, `attribute_name`, `odds`, `odds_two`, `odds_three`, `odds_four`, `odds_five`, `odds_six`, `odds_seven`, `odds_eight`, `odds_nine`, `odds_ten`, `odds_eleven`, `odds_twelve`, `odds_thirteen`, `odds_fourteen`, `odds_fifteen`, `odds_sixteen`, `odds_seventeen`, `odds_eighteen`, `odds_nineteen`, `odds_twenty`, `min_bets_money`, `max_bets_money`, `status`, `documentary_status`, `sort`, `update_time`, `create_time`) VALUES (33929, 129, 18355, '1811', '18111', '1811111', '红球区', '34', '25', 99, 88, 77, 66, 55, 44, 33, 22, 11, 0, 0, 0, 0, 0, 0, 0, 0, 0, 0, 0, 1, 99999999.000, 1, 0, 1, '2021-05-07 15:00:00', '2021-05-07 15:00:00');
INSERT INTO `lottery_play_class_group_attribute`(`id`, `lottery_id`, `play_class_group_attribute_id`, `play_tag`, `play_class_tag`, `group_tag`, `group_name`, `attribute_tag`, `attribute_name`, `odds`, `odds_two`, `odds_three`, `odds_four`, `odds_five`, `odds_six`, `odds_seven`, `odds_eight`, `odds_nine`, `odds_ten`, `odds_eleven`, `odds_twelve`, `odds_thirteen`, `odds_fourteen`, `odds_fifteen`, `odds_sixteen`, `odds_seventeen`, `odds_eighteen`, `odds_nineteen`, `odds_twenty`, `min_bets_money`, `max_bets_money`, `status`, `documentary_status`, `sort`, `update_time`, `create_time`) VALUES (33930, 129, 18356, '1811', '18111', '1811111', '红球区', '35', '26', 99, 88, 77, 66, 55, 44, 33, 22, 11, 0, 0, 0, 0, 0, 0, 0, 0, 0, 0, 0, 1, 99999999.000, 1, 0, 1, '2021-05-07 15:00:00', '2021-05-07 15:00:00');

